ID билета;ID экспоната;ID посетителя;Дата;Стоимость
1;43;1213;01.01.2000;300
2;44;1574;24.07.2023;518
3;45;387;27.04.2023;921
4;31;573;14.03.2023;767
5;35;2642;05.01.2023;396
6;7;2733;12.02.2023;409
7;19;253;04.07.2023;622
8;10;2263;31.03.2023;459
9;2;2359;17.11.2022;327
10;35;2872;23.12.2022;477
11;20;1975;18.05.2023;964
12;38;2553;05.10.2022;485
13;33;1703;22.01.2023;323
14;16;2106;05.01.2023;942
15;26;2254;25.10.2022;586
16;22;482;12.10.2022;371
17;20;1488;22.05.2023;810
18;45;2692;16.03.2023;569
19;9;979;04.06.2023;884
20;45;2443;23.07.2023;303
21;16;297;18.01.2023;362
22;29;2396;06.07.2023;712
23;22;2969;24.07.2023;935
24;30;2075;20.05.2023;467
25;7;671;21.10.2022;951
26;23;180;14.04.2023;788
27;11;560;28.10.2022;814
28;20;1473;08.08.2023;584
29;8;1231;08.04.2023;993
30;29;2374;09.10.2022;609
31;13;158;05.04.2023;436
32;1;671;14.05.2023;342
33;31;1573;05.09.2022;998
34;34;2934;21.12.2022;734
35;25;2750;13.09.2022;305
36;32;349;24.07.2023;925
37;8;249;28.02.2023;541
38;24;2307;29.12.2022;982
39;24;2678;20.05.2023;866
40;38;2966;12.10.2022;412
41;25;947;09.10.2022;561
42;14;366;25.09.2022;405
43;19;697;29.10.2022;531
44;3;920;01.07.2023;329
45;27;2011;18.03.2023;524
46;30;1166;30.04.2023;933
47;2;1873;25.05.2023;710
48;8;1957;19.12.2022;495
49;43;2159;06.04.2023;889
50;2;127;07.02.2023;309
51;6;2605;21.07.2023;868
52;23;2671;14.01.2023;566
53;24;2003;15.08.2023;432
54;14;1684;30.07.2023;588
55;13;2511;16.03.2023;665
56;22;996;10.07.2023;698
57;31;827;14.07.2023;875
58;40;2435;22.11.2022;700
59;13;1965;29.06.2023;713
60;3;109;03.06.2023;805
61;43;1052;09.06.2023;436
62;30;1132;23.03.2023;673
63;25;1879;10.05.2023;626
64;14;2127;11.05.2023;558
65;13;972;21.04.2023;368
66;21;2668;14.09.2022;880
67;40;1184;15.11.2022;668
68;10;2629;04.04.2023;947
69;44;531;24.02.2023;651
70;42;1211;12.07.2023;959
71;33;1202;15.05.2023;564
72;14;343;09.12.2022;363
73;21;1082;14.02.2023;913
74;29;548;28.03.2023;583
75;43;738;10.11.2022;439
76;12;1454;28.11.2022;328
77;17;1278;31.07.2023;848
78;40;2897;26.10.2022;501
79;7;1854;05.07.2023;347
80;18;2027;22.10.2022;869
81;21;2375;21.02.2023;575
82;18;2970;27.04.2023;533
83;11;231;22.08.2022;333
84;40;300;28.11.2022;758
85;35;96;29.03.2023;628
86;22;2302;27.01.2023;850
87;14;1709;13.06.2023;653
88;24;2789;12.06.2023;797
89;36;1808;16.11.2022;454
90;12;1142;21.10.2022;493
91;24;891;04.08.2023;621
92;15;209;28.07.2023;820
93;17;2853;25.11.2022;359
94;11;643;23.09.2022;830
95;15;437;24.02.2023;979
96;15;866;25.12.2022;688
97;20;2682;14.12.2022;457
98;6;2618;15.04.2023;964
99;41;2808;10.07.2023;878
100;30;2517;24.07.2023;730
101;5;1981;05.08.2023;402
102;40;87;06.02.2023;970
103;38;1420;19.02.2023;782
104;19;2956;09.05.2023;954
105;43;1829;11.02.2023;602
106;13;2714;28.11.2022;417
107;36;1414;01.10.2022;430
108;11;2709;30.03.2023;978
109;5;1028;10.05.2023;684
110;31;364;09.05.2023;652
111;34;2365;23.05.2023;714
112;17;2298;19.05.2023;482
113;24;1489;21.10.2022;849
114;40;211;23.10.2022;858
115;32;2366;25.05.2023;676
116;31;1402;31.12.2022;890
117;34;1338;05.02.2023;681
118;15;58;03.05.2023;879
119;1;389;02.12.2022;649
120;29;881;29.07.2023;979
121;37;2433;24.07.2023;992
122;28;2807;26.12.2022;421
123;15;1466;22.12.2022;708
124;17;1302;26.03.2023;675
125;34;2943;24.08.2022;773
126;21;2475;22.02.2023;475
127;22;2617;20.07.2023;642
128;23;323;06.06.2023;985
129;45;344;10.10.2022;365
130;30;214;26.10.2022;625
131;6;219;18.06.2023;324
132;40;1092;29.07.2023;974
133;40;349;23.03.2023;848
134;2;555;10.01.2023;515
135;9;388;20.09.2022;962
136;17;1838;04.01.2023;304
137;11;1580;21.10.2022;422
138;4;1090;12.09.2022;552
139;18;503;11.09.2022;854
140;25;2349;28.10.2022;422
141;4;1214;17.10.2022;801
142;29;72;01.08.2023;518
143;42;1707;29.06.2023;345
144;12;1500;15.08.2022;546
145;36;2123;22.04.2023;957
146;2;2686;25.07.2023;946
147;30;1212;05.10.2022;928
148;26;1050;14.09.2022;382
149;37;1470;12.03.2023;660
150;14;462;03.11.2022;612
151;41;336;24.01.2023;854
152;38;2293;17.06.2023;849
153;45;1707;28.07.2023;656
154;8;1861;23.12.2022;830
155;22;2349;15.02.2023;677
156;24;2159;07.03.2023;357
157;35;840;22.07.2023;403
158;35;2961;25.02.2023;527
159;44;2223;04.08.2023;640
160;20;1686;04.03.2023;316
161;29;155;23.08.2022;807
162;29;1967;23.04.2023;461
163;42;2113;02.04.2023;519
164;26;2950;29.07.2023;780
165;17;661;31.12.2022;662
166;27;287;03.02.2023;766
167;1;1557;04.05.2023;632
168;23;2267;07.03.2023;592
169;43;118;12.06.2023;954
170;41;709;11.05.2023;652
171;17;1131;21.11.2022;791
172;2;1445;19.04.2023;578
173;13;44;29.06.2023;304
174;35;1182;20.12.2022;555
175;28;2505;29.04.2023;690
176;21;1981;25.11.2022;776
177;41;985;18.04.2023;964
178;44;1289;28.11.2022;403
179;23;2649;21.05.2023;528
180;27;1197;25.08.2022;682
181;37;1932;17.01.2023;637
182;40;292;24.10.2022;754
183;40;2412;22.05.2023;341
184;10;244;08.05.2023;376
185;20;1503;08.08.2023;981
186;34;2144;13.08.2023;865
187;20;1410;23.07.2023;359
188;20;2308;02.01.2023;657
189;33;556;10.08.2023;406
190;24;913;16.04.2023;418
191;3;2290;22.02.2023;355
192;42;1518;31.01.2023;667
193;10;2507;22.11.2022;841
194;38;848;04.05.2023;810
195;35;1273;05.12.2022;980
196;22;348;25.12.2022;465
197;18;1459;26.04.2023;813
198;24;1499;16.03.2023;942
199;30;1419;04.01.2023;330
200;18;2458;24.08.2022;655
201;29;894;27.07.2023;967
202;3;38;28.12.2022;962
203;35;2591;26.01.2023;524
204;16;502;07.11.2022;675
205;25;714;16.09.2022;763
206;8;143;09.11.2022;723
207;36;449;15.11.2022;426
208;26;2009;09.12.2022;584
209;42;2646;19.10.2022;791
210;2;1222;16.08.2022;795
211;43;2093;27.12.2022;808
212;38;2634;05.03.2023;369
213;13;298;06.10.2022;300
214;21;1936;07.02.2023;613
215;7;2983;26.11.2022;629
216;35;896;18.09.2022;722
217;5;881;07.04.2023;539
218;36;2381;29.05.2023;730
219;25;431;24.01.2023;870
220;1;895;27.01.2023;990
221;35;766;20.06.2023;579
222;37;1232;06.09.2022;808
223;43;776;28.06.2023;330
224;40;2385;10.01.2023;776
225;22;1063;24.08.2022;311
226;35;2485;31.08.2022;750
227;22;2263;14.06.2023;723
228;18;2303;11.11.2022;969
229;3;2393;20.08.2022;839
230;21;1413;18.03.2023;464
231;16;416;11.10.2022;974
232;19;709;08.10.2022;317
233;13;590;09.01.2023;719
234;23;1337;07.06.2023;809
235;33;2267;19.08.2022;901
236;26;2789;28.04.2023;519
237;20;2160;15.03.2023;607
238;35;506;15.09.2022;371
239;25;1082;30.05.2023;874
240;33;2587;02.01.2023;699
241;21;1548;10.01.2023;636
242;9;2420;19.11.2022;937
243;2;242;18.08.2022;597
244;40;684;19.04.2023;810
245;3;725;11.04.2023;635
246;8;2459;26.11.2022;779
247;8;2339;08.03.2023;351
248;16;406;05.09.2022;349
249;28;2622;07.10.2022;731
250;27;1358;11.01.2023;582
251;28;889;13.12.2022;792
252;16;2902;13.03.2023;693
253;43;2301;01.07.2023;945
254;10;1725;11.11.2022;989
255;27;2348;29.10.2022;964
256;26;1590;13.06.2023;395
257;13;1889;12.10.2022;895
258;29;1396;07.06.2023;653
259;41;2072;18.09.2022;508
260;44;1769;13.12.2022;359
261;12;2397;30.09.2022;610
262;15;2672;29.12.2022;600
263;37;761;17.07.2023;307
264;43;1991;19.05.2023;925
265;10;1052;16.07.2023;472
266;23;2137;10.02.2023;963
267;8;1600;05.02.2023;997
268;35;1017;18.04.2023;564
269;34;278;17.02.2023;655
270;45;594;30.11.2022;604
271;37;1905;08.07.2023;570
272;8;1443;25.11.2022;933
273;29;218;24.06.2023;998
274;22;2525;23.08.2022;464
275;4;1966;12.02.2023;944
276;15;804;02.09.2022;379
277;34;591;02.09.2022;622
278;37;2553;18.06.2023;817
279;41;1908;28.07.2023;364
280;45;1992;10.01.2023;751
281;17;1509;24.09.2022;526
282;16;2439;03.12.2022;1000
283;40;1228;19.11.2022;850
284;15;967;12.02.2023;311
285;30;1816;04.12.2022;751
286;18;2066;27.02.2023;896
287;18;159;17.02.2023;911
288;25;1839;25.04.2023;725
289;36;655;03.10.2022;891
290;11;1582;15.08.2023;952
291;32;991;13.07.2023;337
292;2;1220;17.04.2023;399
293;28;1965;09.03.2023;805
294;11;972;21.08.2022;560
295;44;2571;25.06.2023;766
296;43;1724;16.06.2023;695
297;37;2005;11.06.2023;417
298;24;925;23.06.2023;727
299;39;53;19.06.2023;385
300;17;2521;23.01.2023;379
301;43;200;03.02.2023;556
302;38;1635;09.02.2023;698
303;39;1858;23.07.2023;452
304;29;1644;28.08.2022;370
305;38;167;11.10.2022;399
306;35;1274;14.11.2022;621
307;40;1473;25.03.2023;808
308;5;2798;15.05.2023;944
309;19;967;18.07.2023;763
310;30;2103;12.04.2023;407
311;39;997;31.01.2023;678
312;15;1051;08.12.2022;864
313;19;976;20.03.2023;374
314;41;1726;29.01.2023;759
315;6;2235;27.01.2023;332
316;23;339;20.08.2022;462
317;40;2876;26.09.2022;847
318;40;252;02.12.2022;797
319;44;2511;22.01.2023;937
320;38;2451;09.04.2023;902
321;36;485;01.04.2023;636
322;1;329;11.07.2023;622
323;11;2754;04.05.2023;556
324;18;2774;05.09.2022;909
325;29;2215;12.03.2023;644
326;8;2187;20.03.2023;756
327;39;2682;06.06.2023;977
328;39;540;28.12.2022;617
329;11;554;25.08.2022;428
330;28;775;11.09.2022;905
331;21;1997;05.07.2023;952
332;44;539;26.12.2022;957
333;13;461;14.10.2022;409
334;26;643;06.04.2023;966
335;10;820;29.11.2022;512
336;32;526;21.02.2023;667
337;33;2761;13.09.2022;541
338;23;1530;20.10.2022;716
339;12;1951;10.12.2022;489
340;22;1181;23.05.2023;490
341;1;811;08.06.2023;722
342;19;2631;25.10.2022;905
343;27;2569;09.01.2023;824
344;15;943;31.01.2023;872
345;24;2376;21.09.2022;646
346;31;1817;09.04.2023;587
347;22;2892;28.11.2022;419
348;37;88;30.11.2022;672
349;13;2763;11.01.2023;317
350;28;1354;23.08.2022;855
351;7;2096;07.10.2022;708
352;21;633;30.05.2023;950
353;28;1882;11.10.2022;991
354;29;2494;28.05.2023;611
355;3;2785;12.12.2022;441
356;41;1450;28.04.2023;673
357;22;2534;21.02.2023;817
358;28;1827;05.08.2023;722
359;6;873;13.05.2023;918
360;16;1711;16.06.2023;629
361;26;2630;21.08.2022;584
362;28;2784;12.03.2023;504
363;41;81;22.07.2023;392
364;27;557;21.03.2023;564
365;29;2432;23.07.2023;392
366;34;2698;05.03.2023;953
367;9;153;30.03.2023;749
368;16;676;26.03.2023;952
369;42;844;18.11.2022;387
370;16;2446;03.01.2023;958
371;39;2514;10.06.2023;659
372;35;548;25.05.2023;304
373;12;1740;15.07.2023;632
374;41;1775;03.10.2022;399
375;30;973;30.03.2023;699
376;33;438;31.10.2022;306
377;39;1073;22.05.2023;695
378;27;2245;16.10.2022;512
379;17;1175;04.05.2023;992
380;7;2545;18.05.2023;968
381;38;839;18.05.2023;327
382;11;2577;05.01.2023;310
383;14;2487;10.06.2023;521
384;6;873;24.06.2023;736
385;19;1168;07.08.2023;807
386;21;1263;29.08.2022;570
387;21;1145;19.12.2022;696
388;37;2204;20.12.2022;778
389;28;2503;15.09.2022;576
390;19;935;13.10.2022;553
391;22;1991;05.06.2023;717
392;5;964;19.01.2023;752
393;33;318;14.11.2022;692
394;16;1765;17.03.2023;772
395;32;2770;14.05.2023;659
396;2;824;09.11.2022;786
397;1;425;01.05.2023;911
398;5;310;01.05.2023;798
399;3;2745;27.02.2023;399
400;22;2109;05.04.2023;797
401;25;487;23.02.2023;357
402;17;2503;03.07.2023;960
403;41;2910;02.03.2023;555
404;28;363;23.11.2022;586
405;6;2605;19.11.2022;838
406;36;2523;15.02.2023;336
407;38;2145;09.08.2023;688
408;31;1861;22.09.2022;831
409;33;709;10.04.2023;870
410;5;2710;26.06.2023;655
411;35;2321;15.05.2023;614
412;36;1599;08.03.2023;535
413;1;90;09.03.2023;525
414;36;78;14.09.2022;960
415;4;1096;21.02.2023;955
416;43;2590;31.10.2022;589
417;32;2796;16.02.2023;367
418;2;2069;11.04.2023;331
419;5;1476;24.05.2023;578
420;22;1537;06.04.2023;486
421;7;2160;25.08.2022;949
422;25;2836;01.11.2022;995
423;16;1928;29.08.2022;600
424;17;1736;09.08.2023;331
425;8;1650;11.05.2023;432
426;15;985;23.07.2023;710
427;16;2202;07.04.2023;753
428;40;203;21.05.2023;805
429;19;766;29.10.2022;331
430;33;633;15.03.2023;871
431;45;473;15.07.2023;472
432;12;2086;01.06.2023;876
433;19;1750;24.05.2023;747
434;5;2379;17.02.2023;638
435;5;1531;12.10.2022;887
436;21;1839;31.07.2023;560
437;5;1167;08.11.2022;406
438;6;356;22.03.2023;730
439;2;2503;21.04.2023;473
440;28;2766;16.06.2023;341
441;21;1986;15.06.2023;881
442;2;541;25.05.2023;302
443;5;664;14.03.2023;976
444;15;1300;18.06.2023;301
445;23;1315;21.12.2022;899
446;30;2316;17.10.2022;588
447;5;1254;01.03.2023;458
448;3;579;19.12.2022;801
449;1;2371;15.02.2023;440
450;44;2458;24.11.2022;540
451;41;561;04.12.2022;519
452;13;2048;26.12.2022;439
453;5;2628;17.07.2023;729
454;13;1060;12.12.2022;963
455;29;1311;21.12.2022;778
456;8;2029;24.04.2023;958
457;34;2642;06.10.2022;689
458;21;1640;27.08.2022;325
459;26;384;23.01.2023;472
460;32;2500;25.03.2023;384
461;20;2432;02.04.2023;609
462;44;158;23.03.2023;675
463;25;2315;04.07.2023;406
464;42;1777;20.04.2023;436
465;32;1106;05.08.2023;785
466;34;219;08.08.2023;950
467;9;675;26.06.2023;451
468;9;2010;10.12.2022;569
469;18;1048;30.11.2022;513
470;25;1539;14.04.2023;417
471;26;2840;17.12.2022;843
472;11;1493;23.01.2023;305
473;6;1639;25.02.2023;705
474;23;1431;15.11.2022;921
475;6;624;16.11.2022;803
476;3;249;12.02.2023;937
477;40;2000;24.08.2022;446
478;6;293;11.08.2023;714
479;10;1937;04.05.2023;432
480;42;499;29.08.2022;946
481;39;700;02.02.2023;888
482;36;2488;25.03.2023;842
483;11;2727;03.02.2023;581
484;32;970;21.08.2022;887
485;15;65;17.11.2022;362
486;4;819;08.03.2023;572
487;6;1299;07.11.2022;441
488;21;2812;19.03.2023;734
489;18;2595;28.07.2023;849
490;39;2825;15.11.2022;423
491;10;1297;21.07.2023;515
492;4;1753;10.04.2023;806
493;45;221;22.03.2023;933
494;19;424;30.04.2023;892
495;11;622;15.07.2023;457
496;30;1101;07.11.2022;631
497;1;1420;16.03.2023;665
498;1;2940;18.12.2022;398
499;11;1718;24.03.2023;935
500;31;1919;23.07.2023;743
501;44;2241;01.04.2023;468
502;1;2940;20.10.2022;925
503;21;298;26.11.2022;724
504;29;229;11.05.2023;549
505;41;979;26.12.2022;639
506;5;1279;13.11.2022;703
507;45;408;12.02.2023;710
508;24;548;29.12.2022;668
509;44;2329;20.01.2023;694
510;4;2946;12.02.2023;308
511;12;2050;12.11.2022;322
512;25;127;14.12.2022;688
513;42;2482;27.06.2023;363
514;21;2039;24.05.2023;431
515;17;952;20.06.2023;302
516;45;2896;04.01.2023;550
517;24;712;27.11.2022;379
518;33;2093;26.03.2023;540
519;20;2487;15.01.2023;672
520;44;2728;12.10.2022;532
521;1;1868;07.01.2023;575
522;16;550;29.01.2023;675
523;3;1894;09.09.2022;750
524;8;242;11.02.2023;844
525;12;2618;29.07.2023;581
526;2;2897;13.06.2023;622
527;14;365;10.04.2023;941
528;32;795;15.10.2022;609
529;15;1521;07.05.2023;909
530;15;2180;17.05.2023;911
531;43;2434;31.07.2023;382
532;16;112;22.01.2023;1000
533;21;1832;05.06.2023;562
534;31;1050;09.12.2022;692
535;33;2936;12.02.2023;514
536;18;2270;22.04.2023;642
537;34;2808;21.10.2022;364
538;28;654;14.09.2022;442
539;18;929;19.04.2023;398
540;40;2241;11.01.2023;658
541;41;1220;06.11.2022;973
542;38;2989;20.11.2022;501
543;24;2893;20.11.2022;378
544;18;2838;02.12.2022;503
545;41;316;22.12.2022;372
546;29;1178;14.07.2023;311
547;25;836;24.08.2022;821
548;33;249;26.01.2023;630
549;29;1027;22.03.2023;995
550;15;2253;23.04.2023;907
551;2;614;29.05.2023;440
552;8;556;24.09.2022;660
553;20;2211;04.01.2023;811
554;45;2575;10.08.2023;953
555;32;2774;27.10.2022;428
556;4;2295;08.03.2023;841
557;34;437;22.04.2023;446
558;12;543;01.05.2023;385
559;2;902;29.09.2022;568
560;4;1570;29.10.2022;630
561;29;528;14.03.2023;515
562;4;2906;16.10.2022;721
563;30;453;22.01.2023;667
564;26;2880;01.02.2023;697
565;38;894;17.01.2023;550
566;25;2551;06.12.2022;960
567;17;2245;23.10.2022;300
568;34;1979;25.12.2022;984
569;8;1614;09.09.2022;658
570;8;1781;11.09.2022;653
571;24;2131;03.02.2023;575
572;24;333;18.01.2023;315
573;44;1550;13.06.2023;861
574;9;2174;06.03.2023;802
575;22;2278;04.09.2022;957
576;22;2919;14.11.2022;424
577;43;1611;04.03.2023;532
578;30;181;26.09.2022;440
579;26;1342;01.02.2023;340
580;32;538;16.09.2022;842
581;12;957;09.03.2023;670
582;38;711;18.02.2023;952
583;32;2381;19.04.2023;457
584;3;1827;03.09.2022;942
585;31;1408;06.10.2022;347
586;44;1120;17.09.2022;603
587;2;890;24.11.2022;976
588;19;2658;01.08.2023;324
589;8;1606;28.09.2022;649
590;1;980;21.01.2023;641
591;17;1348;13.04.2023;852
592;22;1616;01.10.2022;857
593;29;2674;17.11.2022;762
594;36;2198;11.02.2023;823
595;34;478;05.02.2023;513
596;32;1730;31.12.2022;331
597;13;1088;24.06.2023;602
598;27;1735;17.10.2022;678
599;27;1778;01.04.2023;927
600;8;1346;17.04.2023;413
601;1;1663;07.11.2022;512
602;32;829;26.06.2023;823
603;2;640;26.08.2022;672
604;6;2457;21.05.2023;472
605;25;2450;10.09.2022;378
606;5;1608;11.05.2023;465
607;12;1867;06.01.2023;942
608;4;1229;02.03.2023;791
609;19;639;03.01.2023;860
610;31;1730;03.03.2023;623
611;36;2798;08.09.2022;557
612;1;2788;30.01.2023;670
613;45;2239;08.10.2022;378
614;45;2992;22.06.2023;959
615;4;2693;17.01.2023;675
616;6;540;24.07.2023;788
617;17;496;17.10.2022;379
618;9;2781;11.04.2023;746
619;28;914;30.04.2023;854
620;9;1285;05.05.2023;397
621;12;1163;14.03.2023;631
622;33;2728;15.03.2023;644
623;6;2615;13.02.2023;673
624;38;539;06.02.2023;375
625;35;757;25.11.2022;686
626;9;2835;13.09.2022;493
627;20;2422;02.12.2022;727
628;26;2945;09.02.2023;651
629;37;1386;05.01.2023;759
630;10;1253;06.01.2023;513
631;41;2974;20.06.2023;373
632;40;6;13.10.2022;686
633;5;107;16.05.2023;841
634;11;1889;25.03.2023;637
635;40;1593;28.08.2022;866
636;23;107;19.11.2022;613
637;43;234;03.02.2023;937
638;44;846;22.03.2023;537
639;4;1789;22.04.2023;641
640;17;1527;28.07.2023;701
641;12;965;25.08.2022;336
642;5;1731;05.08.2023;345
643;42;103;08.12.2022;853
644;5;2158;10.03.2023;756
645;30;2626;25.11.2022;609
646;23;1326;02.06.2023;710
647;25;757;17.12.2022;865
648;31;1325;22.09.2022;726
649;28;897;31.01.2023;853
650;33;2426;19.11.2022;418
651;43;2832;02.10.2022;897
652;37;1222;04.10.2022;666
653;25;1817;04.06.2023;448
654;4;1835;19.01.2023;878
655;18;1242;20.07.2023;729
656;32;1988;30.11.2022;450
657;7;2511;19.03.2023;642
658;40;1749;30.03.2023;728
659;35;2703;03.05.2023;656
660;38;1713;23.11.2022;448
661;19;1216;06.11.2022;431
662;38;1570;28.11.2022;601
663;43;1172;27.03.2023;797
664;2;2019;09.05.2023;796
665;42;2553;26.08.2022;661
666;33;500;21.06.2023;984
667;23;195;19.12.2022;572
668;11;2349;31.08.2022;563
669;8;972;21.03.2023;371
670;8;2578;19.06.2023;526
671;37;2228;26.05.2023;942
672;5;1800;12.10.2022;482
673;34;2596;01.03.2023;979
674;29;770;27.07.2023;787
675;41;2833;31.10.2022;414
676;15;1543;18.05.2023;872
677;40;35;19.11.2022;676
678;23;987;17.08.2022;632
679;30;2239;11.12.2022;706
680;23;1603;07.05.2023;932
681;36;2172;19.08.2022;769
682;4;1227;10.10.2022;831
683;9;121;18.06.2023;774
684;24;1633;02.02.2023;996
685;14;513;27.07.2023;608
686;5;2770;16.10.2022;919
687;37;1514;02.08.2023;567
688;27;1840;21.07.2023;985
689;37;2426;12.06.2023;919
690;11;2514;16.09.2022;805
691;29;1172;28.12.2022;751
692;41;1010;20.12.2022;402
693;3;2990;01.09.2022;619
694;9;2618;24.06.2023;777
695;44;692;16.11.2022;566
696;41;2850;26.05.2023;412
697;2;898;28.02.2023;327
698;9;972;27.12.2022;545
699;20;1157;17.09.2022;316
700;12;1888;06.03.2023;404
701;30;131;08.08.2023;483
702;19;2829;30.05.2023;616
703;4;1490;22.10.2022;765
704;6;2590;06.08.2023;313
705;33;1266;29.04.2023;368
706;26;1372;10.01.2023;432
707;19;2897;13.08.2023;793
708;22;2766;25.03.2023;891
709;21;391;25.02.2023;736
710;27;1483;18.07.2023;351
711;19;2974;24.02.2023;912
712;43;2752;03.08.2023;334
713;41;183;25.09.2022;801
714;13;2361;10.02.2023;994
715;31;2817;19.08.2022;300
716;20;2358;13.03.2023;393
717;42;1454;08.02.2023;595
718;15;2938;28.03.2023;485
719;17;2924;12.04.2023;541
720;5;1373;03.01.2023;542
721;11;666;15.10.2022;339
722;40;2377;22.02.2023;534
723;28;1941;12.03.2023;738
724;20;1218;02.02.2023;656
725;20;288;29.09.2022;509
726;34;207;25.02.2023;555
727;11;611;13.05.2023;659
728;25;124;18.01.2023;487
729;31;1233;07.05.2023;414
730;10;2210;05.10.2022;952
731;33;1750;17.01.2023;338
732;36;147;17.04.2023;518
733;31;743;02.01.2023;998
734;39;362;26.07.2023;456
735;44;2417;13.12.2022;614
736;23;1077;29.05.2023;415
737;2;459;30.09.2022;377
738;12;2962;11.11.2022;386
739;43;64;09.10.2022;616
740;40;1114;07.11.2022;531
741;23;2221;21.02.2023;566
742;31;431;04.04.2023;465
743;20;358;10.08.2023;614
744;45;1127;11.03.2023;317
745;36;360;18.05.2023;410
746;44;2211;19.05.2023;623
747;34;1878;01.04.2023;376
748;17;1420;26.12.2022;721
749;19;1574;27.06.2023;496
750;9;1424;13.11.2022;802
751;15;1198;21.04.2023;798
752;27;1380;26.10.2022;979
753;40;2251;06.12.2022;469
754;24;270;24.09.2022;987
755;25;1703;21.04.2023;648
756;22;2131;24.03.2023;577
757;42;2014;14.03.2023;533
758;34;1742;21.12.2022;363
759;12;2867;25.01.2023;399
760;25;2630;27.09.2022;615
761;41;920;28.10.2022;854
762;12;1648;06.06.2023;647
763;40;2456;23.02.2023;516
764;35;738;16.03.2023;487
765;44;927;01.10.2022;873
766;5;2219;25.05.2023;385
767;4;255;24.03.2023;388
768;30;2536;16.02.2023;758
769;17;779;27.07.2023;906
770;21;1496;16.03.2023;806
771;26;78;03.12.2022;788
772;42;213;02.08.2023;723
773;41;1804;17.07.2023;463
774;13;1944;28.03.2023;686
775;15;2241;22.01.2023;771
776;16;1729;02.06.2023;813
777;33;259;03.04.2023;701
778;5;1435;10.02.2023;891
779;29;1245;20.03.2023;549
780;31;2591;26.05.2023;879
781;21;2092;10.09.2022;501
782;12;2323;19.01.2023;621
783;44;207;06.02.2023;810
784;7;728;02.10.2022;748
785;3;1765;07.12.2022;847
786;40;687;10.04.2023;641
787;18;1922;23.04.2023;791
788;36;1232;24.11.2022;431
789;19;1071;20.12.2022;389
790;40;2069;17.10.2022;313
791;29;1578;13.06.2023;832
792;6;2927;23.12.2022;686
793;25;2751;13.01.2023;866
794;1;831;20.09.2022;574
795;17;1773;31.03.2023;534
796;20;1017;15.10.2022;945
797;15;2062;07.07.2023;436
798;32;1094;06.11.2022;651
799;25;1904;21.01.2023;335
800;9;536;01.01.2023;355
801;9;1617;14.10.2022;832
802;6;2279;19.01.2023;733
803;11;2222;03.04.2023;989
804;5;10;17.03.2023;833
805;4;784;19.06.2023;687
806;29;73;27.05.2023;817
807;9;2652;07.02.2023;949
808;10;422;21.07.2023;365
809;33;216;07.09.2022;620
810;26;2257;06.11.2022;596
811;44;1088;03.09.2022;386
812;11;1493;21.11.2022;792
813;11;2839;25.11.2022;721
814;40;318;09.04.2023;994
815;35;989;01.05.2023;519
816;15;1695;04.07.2023;485
817;16;2872;29.06.2023;973
818;40;1650;18.03.2023;934
819;9;448;10.11.2022;661
820;32;1345;01.01.2023;381
821;27;2783;28.09.2022;590
822;12;2354;20.02.2023;831
823;4;348;20.08.2022;802
824;33;1470;17.12.2022;523
825;27;2802;27.06.2023;672
826;6;156;22.03.2023;500
827;18;1410;04.07.2023;730
828;3;660;27.08.2022;687
829;13;1638;01.04.2023;878
830;24;452;12.08.2023;619
831;37;2404;19.12.2022;404
832;34;1574;29.03.2023;961
833;23;978;21.05.2023;314
834;31;58;17.08.2022;611
835;30;1838;28.08.2022;602
836;42;584;09.07.2023;369
837;30;1079;20.12.2022;654
838;6;2444;06.02.2023;881
839;15;1017;13.05.2023;617
840;42;386;13.11.2022;610
841;17;968;09.06.2023;988
842;2;159;29.10.2022;890
843;42;717;21.10.2022;910
844;3;1137;14.06.2023;324
845;23;1812;07.04.2023;956
846;35;2039;01.08.2023;418
847;13;1190;23.03.2023;995
848;32;965;19.01.2023;341
849;21;1273;17.08.2022;905
850;4;1535;27.06.2023;771
851;17;2772;27.07.2023;733
852;25;2110;25.10.2022;887
853;24;219;03.10.2022;598
854;2;469;09.06.2023;807
855;17;2442;22.05.2023;580
856;43;2365;10.07.2023;539
857;15;1465;25.06.2023;708
858;11;1045;09.03.2023;652
859;45;2061;12.11.2022;472
860;17;1683;22.02.2023;408
861;4;2110;08.01.2023;485
862;16;1806;20.04.2023;300
863;44;468;10.09.2022;853
864;25;2789;10.07.2023;558
865;37;2009;01.06.2023;773
866;30;1828;31.05.2023;759
867;30;717;07.10.2022;909
868;31;1817;02.02.2023;852
869;39;806;28.12.2022;598
870;40;954;18.01.2023;482
871;1;75;04.08.2023;490
872;10;1701;29.11.2022;614
873;11;2900;17.03.2023;366
874;36;2820;26.12.2022;975
875;35;2596;19.01.2023;454
876;37;918;10.02.2023;593
877;9;1243;30.09.2022;449
878;27;1601;29.10.2022;347
879;13;2283;12.05.2023;333
880;27;632;22.12.2022;333
881;25;2720;25.01.2023;694
882;39;2539;29.09.2022;788
883;13;1604;30.03.2023;620
884;23;1472;04.06.2023;957
885;9;1749;31.10.2022;833
886;30;746;10.01.2023;881
887;15;2250;12.05.2023;602
888;33;479;19.03.2023;848
889;20;1036;05.05.2023;681
890;39;394;06.04.2023;716
891;37;1072;17.12.2022;355
892;2;1549;14.06.2023;423
893;8;2018;09.01.2023;360
894;13;1996;07.08.2023;600
895;31;1784;15.07.2023;569
896;25;1685;02.06.2023;830
897;19;2528;18.07.2023;797
898;34;1231;10.02.2023;326
899;45;2730;15.11.2022;393
900;40;562;01.05.2023;488
901;30;1390;29.07.2023;546
902;37;2822;31.07.2023;467
903;6;2827;07.06.2023;767
904;42;2133;29.01.2023;454
905;6;230;29.07.2023;800
906;2;2412;06.09.2022;606
907;30;1235;10.10.2022;355
908;25;573;22.10.2022;961
909;4;1733;01.04.2023;566
910;19;2915;29.04.2023;825
911;41;2686;10.01.2023;792
912;32;185;06.02.2023;471
913;25;2961;06.06.2023;787
914;43;285;14.04.2023;994
915;5;2961;26.04.2023;650
916;4;1125;24.05.2023;410
917;23;1353;04.11.2022;967
918;27;532;22.04.2023;572
919;30;2086;01.08.2023;846
920;38;138;07.02.2023;626
921;6;21;21.09.2022;747
922;15;1062;15.05.2023;476
923;15;1896;08.10.2022;837
924;43;2408;15.05.2023;882
925;38;2543;27.12.2022;335
926;22;1455;10.12.2022;783
927;30;2324;12.08.2023;716
928;22;1380;22.03.2023;515
929;19;1162;22.09.2022;849
930;36;2011;09.11.2022;768
931;23;229;17.07.2023;353
932;29;2301;03.03.2023;723
933;18;2481;30.08.2022;604
934;32;1109;15.10.2022;978
935;17;2790;31.05.2023;372
936;15;1460;05.01.2023;557
937;39;619;28.09.2022;301
938;38;1455;06.03.2023;447
939;2;2764;07.04.2023;711
940;31;1772;01.03.2023;890
941;20;1068;09.07.2023;343
942;14;1887;04.01.2023;708
943;28;2442;24.11.2022;798
944;36;1207;21.07.2023;376
945;31;669;03.10.2022;336
946;12;2147;23.08.2022;406
947;32;1962;05.09.2022;851
948;8;163;14.02.2023;579
949;16;2823;22.07.2023;428
950;5;2565;21.01.2023;672
951;32;1904;13.03.2023;869
952;45;419;20.02.2023;548
953;28;2681;26.12.2022;593
954;3;1459;11.03.2023;639
955;18;1963;13.11.2022;765
956;39;748;14.12.2022;635
957;38;2522;30.10.2022;677
958;25;1154;21.10.2022;685
959;41;126;21.12.2022;446
960;36;1858;06.11.2022;618
961;18;1538;18.12.2022;975
962;18;2255;04.11.2022;854
963;22;2411;13.10.2022;599
964;2;301;18.04.2023;957
965;38;323;14.01.2023;361
966;35;294;11.06.2023;532
967;20;1925;31.08.2022;923
968;15;1732;16.03.2023;335
969;22;2793;29.06.2023;894
970;15;691;28.10.2022;622
971;41;230;02.05.2023;984
972;36;2412;04.01.2023;724
973;45;2343;07.01.2023;670
974;9;616;26.01.2023;936
975;39;3;18.04.2023;653
976;28;45;06.11.2022;799
977;41;2267;16.08.2022;613
978;33;1874;17.04.2023;731
979;21;2999;10.01.2023;670
980;7;2748;08.07.2023;746
981;20;1278;01.08.2023;861
982;16;2024;23.07.2023;834
983;43;2324;07.08.2023;650
984;27;1467;09.06.2023;441
985;37;1102;03.02.2023;759
986;31;2755;22.03.2023;784
987;20;2329;30.05.2023;853
988;9;1968;10.05.2023;665
989;15;1542;10.06.2023;828
990;32;605;06.11.2022;461
991;2;1956;02.05.2023;438
992;37;2352;22.05.2023;532
993;13;592;17.06.2023;974
994;21;2539;15.01.2023;323
995;24;1084;14.09.2022;809
996;23;2292;25.08.2022;868
997;17;2700;23.12.2022;869
998;1;1287;21.04.2023;849
999;21;757;21.04.2023;776
1000;34;293;22.01.2023;392
1001;23;2204;02.05.2023;897
1002;10;2371;09.02.2023;918
1003;6;1870;02.11.2022;843
1004;36;1450;16.11.2022;811
1005;2;761;29.11.2022;492
1006;1;1506;24.06.2023;480
1007;31;2224;09.02.2023;955
1008;19;2510;08.01.2023;779
1009;31;2298;21.07.2023;398
1010;39;243;11.12.2022;682
1011;38;1033;03.02.2023;499
1012;38;2073;30.09.2022;320
1013;21;680;31.01.2023;662
1014;5;430;20.08.2022;570
1015;25;25;08.06.2023;769
1016;40;2372;07.08.2023;936
1017;44;2135;09.06.2023;957
1018;1;2804;05.10.2022;893
1019;18;288;12.04.2023;993
1020;14;1713;23.02.2023;934
1021;5;646;11.09.2022;781
1022;10;1353;14.05.2023;996
1023;35;2899;21.03.2023;989
1024;29;2180;26.09.2022;964
1025;38;2895;29.04.2023;372
1026;27;695;05.12.2022;478
1027;25;977;09.08.2023;556
1028;30;2928;04.01.2023;951
1029;34;2473;08.03.2023;466
1030;35;1408;15.12.2022;634
1031;35;1758;14.12.2022;554
1032;11;2310;31.07.2023;473
1033;38;2164;12.04.2023;952
1034;25;2023;05.03.2023;658
1035;28;2680;10.08.2023;879
1036;17;2484;11.04.2023;930
1037;27;757;01.01.2023;748
1038;25;897;27.10.2022;545
1039;11;1416;19.03.2023;430
1040;44;1035;27.09.2022;585
1041;24;1310;30.01.2023;552
1042;37;2954;05.04.2023;322
1043;3;2277;19.09.2022;607
1044;17;1010;07.11.2022;681
1045;12;1234;02.03.2023;351
1046;3;36;17.05.2023;916
1047;1;2057;27.08.2022;569
1048;24;2320;31.03.2023;995
1049;20;2536;13.05.2023;687
1050;11;1991;17.05.2023;823
1051;38;1464;11.07.2023;613
1052;24;1986;27.06.2023;925
1053;18;880;20.05.2023;532
1054;44;979;25.05.2023;611
1055;31;1600;28.03.2023;701
1056;37;2929;12.12.2022;812
1057;3;31;03.08.2023;482
1058;7;2258;05.11.2022;636
1059;14;1995;03.11.2022;524
1060;37;1387;21.06.2023;901
1061;39;719;19.01.2023;319
1062;6;732;23.02.2023;845
1063;37;983;02.08.2023;625
1064;4;1329;21.11.2022;533
1065;44;143;26.04.2023;741
1066;13;260;21.05.2023;826
1067;30;26;22.08.2022;412
1068;8;320;11.11.2022;479
1069;44;2020;20.12.2022;400
1070;44;2654;05.06.2023;420
1071;42;309;31.12.2022;903
1072;5;996;12.07.2023;504
1073;1;2750;04.04.2023;362
1074;20;62;26.08.2022;736
1075;8;678;11.10.2022;338
1076;20;531;06.05.2023;529
1077;43;2844;17.02.2023;309
1078;13;1675;21.03.2023;471
1079;10;279;04.11.2022;944
1080;15;2278;28.10.2022;447
1081;6;200;09.02.2023;373
1082;6;2360;22.04.2023;877
1083;21;737;28.05.2023;732
1084;19;929;07.09.2022;815
1085;32;1643;03.02.2023;976
1086;28;1223;07.03.2023;743
1087;42;1234;06.03.2023;396
1088;26;2713;22.03.2023;976
1089;15;886;10.06.2023;525
1090;34;2884;12.10.2022;928
1091;10;2723;01.02.2023;573
1092;14;298;16.01.2023;619
1093;37;1167;09.07.2023;675
1094;39;1920;22.02.2023;375
1095;3;1757;12.09.2022;846
1096;4;2041;06.06.2023;671
1097;27;406;06.08.2023;993
1098;40;917;12.06.2023;354
1099;26;2153;18.12.2022;576
1100;3;1747;31.10.2022;445
1101;38;1796;01.06.2023;552
1102;15;2152;13.02.2023;715
1103;32;2595;07.08.2023;668
1104;32;1606;16.10.2022;688
1105;12;876;15.11.2022;781
1106;27;562;23.04.2023;490
1107;1;2939;07.07.2023;522
1108;22;1195;09.04.2023;450
1109;39;2356;25.07.2023;999
1110;21;2586;11.06.2023;963
1111;18;653;20.07.2023;702
1112;33;2392;13.06.2023;954
1113;21;2184;29.11.2022;367
1114;8;1074;23.12.2022;369
1115;9;2245;11.10.2022;411
1116;11;2449;18.01.2023;408
1117;41;285;12.08.2023;915
1118;18;1055;02.01.2023;781
1119;12;2999;31.05.2023;383
1120;5;1151;26.12.2022;843
1121;17;1851;28.07.2023;438
1122;14;207;17.08.2022;934
1123;13;1512;26.05.2023;734
1124;9;1212;30.04.2023;533
1125;38;1934;30.07.2023;654
1126;17;2487;14.08.2023;341
1127;8;1987;06.03.2023;969
1128;40;1688;30.08.2022;927
1129;10;283;26.12.2022;404
1130;42;2587;10.08.2023;553
1131;8;1403;18.08.2022;871
1132;37;670;27.09.2022;670
1133;11;2515;11.10.2022;928
1134;9;507;06.07.2023;681
1135;21;2639;24.09.2022;659
1136;7;1832;30.04.2023;842
1137;43;1223;20.10.2022;319
1138;39;1738;26.05.2023;359
1139;23;407;12.04.2023;487
1140;26;2095;27.08.2022;952
1141;23;112;05.07.2023;532
1142;28;674;24.09.2022;420
1143;5;38;28.12.2022;959
1144;6;1142;31.07.2023;883
1145;12;713;09.03.2023;738
1146;1;2424;07.06.2023;972
1147;37;438;28.11.2022;347
1148;23;2920;12.08.2023;629
1149;43;1577;27.03.2023;790
1150;19;1150;29.05.2023;623
1151;45;733;11.07.2023;835
1152;10;2598;23.10.2022;973
1153;24;235;02.02.2023;590
1154;7;1893;29.11.2022;521
1155;6;2998;28.05.2023;930
1156;37;2273;01.04.2023;470
1157;38;1634;19.07.2023;531
1158;16;904;12.09.2022;964
1159;24;26;10.03.2023;328
1160;2;992;03.02.2023;936
1161;25;2714;22.09.2022;518
1162;44;1308;03.07.2023;438
1163;38;2793;15.08.2023;785
1164;30;365;06.09.2022;402
1165;2;2507;03.02.2023;456
1166;7;415;16.08.2022;957
1167;16;901;19.08.2022;591
1168;40;1448;17.01.2023;762
1169;39;1228;05.12.2022;708
1170;40;169;04.11.2022;620
1171;5;1475;17.11.2022;566
1172;34;449;03.05.2023;627
1173;36;666;18.09.2022;529
1174;31;2514;04.10.2022;352
1175;39;1053;20.07.2023;946
1176;25;1805;07.04.2023;368
1177;14;1630;25.07.2023;596
1178;6;980;13.06.2023;809
1179;37;1851;06.12.2022;351
1180;41;82;02.10.2022;512
1181;24;226;21.02.2023;398
1182;35;1062;08.07.2023;640
1183;2;842;17.06.2023;974
1184;18;212;09.12.2022;336
1185;13;573;22.10.2022;393
1186;13;2380;09.10.2022;885
1187;21;2733;12.03.2023;309
1188;5;2581;22.05.2023;685
1189;42;868;10.03.2023;568
1190;8;1616;19.06.2023;832
1191;17;1256;27.05.2023;414
1192;43;1463;13.09.2022;477
1193;33;1512;26.04.2023;401
1194;20;250;23.01.2023;922
1195;23;2214;07.12.2022;849
1196;32;172;04.04.2023;579
1197;24;2249;05.08.2023;545
1198;5;2195;09.10.2022;801
1199;30;652;02.12.2022;396
1200;38;2942;22.09.2022;577
1201;24;759;28.02.2023;550
1202;35;298;28.11.2022;732
1203;31;575;22.07.2023;323
1204;43;982;17.12.2022;598
1205;14;1214;05.10.2022;754
1206;44;170;03.08.2023;610
1207;39;70;10.10.2022;979
1208;3;1360;26.03.2023;891
1209;17;705;06.03.2023;504
1210;7;6;07.02.2023;463
1211;25;72;02.06.2023;664
1212;15;1458;09.02.2023;742
1213;45;447;08.10.2022;339
1214;2;107;07.02.2023;871
1215;43;588;30.05.2023;622
1216;23;443;18.04.2023;768
1217;12;2516;07.08.2023;557
1218;2;531;22.03.2023;775
1219;18;65;17.02.2023;738
1220;27;454;07.04.2023;778
1221;45;1402;10.04.2023;339
1222;16;1546;17.05.2023;861
1223;30;676;23.06.2023;327
1224;30;1319;06.11.2022;999
1225;35;1363;12.10.2022;802
1226;11;620;14.10.2022;671
1227;33;957;17.07.2023;809
1228;29;1557;23.05.2023;794
1229;8;2553;12.02.2023;469
1230;43;1375;03.03.2023;619
1231;4;1976;15.06.2023;918
1232;34;1650;10.10.2022;986
1233;17;2250;21.08.2022;558
1234;40;740;04.09.2022;336
1235;19;2584;21.11.2022;498
1236;43;982;01.09.2022;948
1237;14;2805;23.03.2023;809
1238;36;1878;26.06.2023;492
1239;30;2275;30.03.2023;484
1240;38;1931;05.06.2023;753
1241;30;2615;22.11.2022;583
1242;42;2712;06.10.2022;819
1243;38;2144;17.11.2022;920
1244;42;1373;11.01.2023;515
1245;29;1087;22.11.2022;523
1246;18;179;05.08.2023;495
1247;23;1244;13.02.2023;355
1248;19;1176;16.12.2022;598
1249;34;176;03.05.2023;391
1250;39;2164;02.02.2023;321
1251;18;402;16.09.2022;830
1252;27;1850;01.09.2022;804
1253;13;153;27.05.2023;334
1254;25;571;28.07.2023;752
1255;20;1152;03.05.2023;457
1256;28;2843;09.01.2023;947
1257;32;1621;15.02.2023;866
1258;29;2848;03.09.2022;425
1259;3;551;25.02.2023;766
1260;20;848;31.01.2023;820
1261;32;869;24.03.2023;912
1262;1;646;26.03.2023;521
1263;3;981;02.05.2023;413
1264;8;891;28.01.2023;541
1265;29;2286;23.08.2022;959
1266;16;495;22.07.2023;405
1267;11;1841;12.09.2022;523
1268;33;2173;21.10.2022;590
1269;45;1951;30.06.2023;353
1270;2;603;16.02.2023;784
1271;29;961;07.03.2023;526
1272;9;2734;28.06.2023;959
1273;34;554;23.03.2023;818
1274;34;251;21.04.2023;822
1275;16;460;13.02.2023;599
1276;32;2697;28.04.2023;395
1277;30;2224;24.04.2023;694
1278;3;505;08.09.2022;450
1279;16;2170;05.06.2023;683
1280;41;443;05.01.2023;569
1281;24;1304;01.04.2023;981
1282;28;1075;17.04.2023;626
1283;45;1946;12.04.2023;314
1284;16;2150;14.10.2022;364
1285;14;1394;02.05.2023;596
1286;41;1381;28.03.2023;490
1287;41;2392;07.03.2023;501
1288;13;877;13.05.2023;885
1289;14;2966;05.04.2023;958
1290;16;950;21.09.2022;763
1291;18;1034;26.05.2023;964
1292;43;1990;12.07.2023;324
1293;44;1238;22.07.2023;407
1294;35;1117;16.08.2022;905
1295;2;1084;19.01.2023;552
1296;24;2386;14.03.2023;426
1297;19;138;02.06.2023;601
1298;31;2286;16.09.2022;999
1299;41;1898;14.08.2023;452
1300;16;2172;15.03.2023;349
1301;15;563;30.04.2023;915
1302;40;1339;12.12.2022;830
1303;13;2063;16.04.2023;841
1304;25;1946;02.02.2023;858
1305;13;658;28.10.2022;710
1306;4;118;16.10.2022;394
1307;36;2440;13.09.2022;595
1308;42;2162;02.03.2023;899
1309;38;2811;05.03.2023;696
1310;31;2942;15.08.2022;838
1311;15;2705;23.10.2022;310
1312;45;1284;07.05.2023;316
1313;43;2088;28.03.2023;441
1314;12;1355;03.06.2023;388
1315;21;746;08.07.2023;647
1316;9;1446;29.10.2022;839
1317;4;2934;25.10.2022;928
1318;42;2353;17.06.2023;851
1319;20;790;16.11.2022;367
1320;7;2023;29.08.2022;538
1321;29;1946;03.11.2022;369
1322;35;2379;16.09.2022;671
1323;7;1646;03.06.2023;557
1324;21;1663;29.10.2022;756
1325;31;2934;23.03.2023;543
1326;9;1047;02.04.2023;712
1327;13;1896;19.01.2023;339
1328;33;2383;13.10.2022;409
1329;17;2682;19.03.2023;461
1330;6;2341;21.04.2023;897
1331;6;78;25.09.2022;766
1332;35;2184;13.08.2023;339
1333;17;2947;03.08.2023;830
1334;11;1156;13.05.2023;527
1335;35;447;10.08.2023;946
1336;7;37;03.12.2022;750
1337;45;2724;31.05.2023;673
1338;13;1915;11.04.2023;638
1339;40;1367;04.02.2023;573
1340;36;2007;26.05.2023;901
1341;32;1698;10.02.2023;757
1342;7;1046;18.05.2023;879
1343;44;1294;28.10.2022;917
1344;17;2998;10.03.2023;895
1345;40;804;30.03.2023;695
1346;43;1170;13.04.2023;474
1347;28;2759;22.10.2022;546
1348;45;1364;16.04.2023;602
1349;11;1395;15.09.2022;443
1350;23;2842;15.01.2023;419
1351;26;320;12.10.2022;770
1352;7;1758;25.10.2022;767
1353;26;2437;09.08.2023;381
1354;31;1402;23.11.2022;866
1355;13;2163;19.10.2022;740
1356;20;829;27.08.2022;973
1357;11;2349;16.03.2023;352
1358;1;1104;13.01.2023;867
1359;3;373;17.01.2023;886
1360;27;1908;06.07.2023;727
1361;28;1084;30.09.2022;412
1362;34;2031;01.03.2023;761
1363;10;1146;24.11.2022;932
1364;25;920;25.07.2023;697
1365;7;1953;21.06.2023;763
1366;30;1827;22.03.2023;417
1367;35;1486;01.07.2023;894
1368;29;328;22.09.2022;950
1369;35;484;22.04.2023;972
1370;23;1881;13.05.2023;381
1371;11;2814;23.06.2023;883
1372;4;1968;20.06.2023;438
1373;22;1041;22.09.2022;376
1374;21;238;19.11.2022;898
1375;41;2255;28.03.2023;879
1376;42;1268;25.07.2023;979
1377;21;1515;04.03.2023;525
1378;41;438;23.05.2023;304
1379;41;99;10.11.2022;447
1380;41;1818;03.10.2022;694
1381;19;2286;10.11.2022;614
1382;26;2867;08.08.2023;735
1383;22;1734;30.03.2023;417
1384;29;345;04.04.2023;362
1385;22;423;07.05.2023;882
1386;2;2538;08.05.2023;572
1387;36;2746;11.11.2022;886
1388;42;2665;27.10.2022;351
1389;8;720;08.06.2023;951
1390;2;1443;16.06.2023;406
1391;18;393;02.01.2023;622
1392;29;840;23.06.2023;886
1393;14;2258;26.08.2022;570
1394;39;712;26.08.2022;304
1395;24;1327;20.05.2023;912
1396;11;2885;18.04.2023;600
1397;32;2080;10.02.2023;921
1398;15;1383;30.07.2023;381
1399;35;2109;28.01.2023;635
1400;16;2332;14.12.2022;957
1401;20;2105;18.10.2022;999
1402;29;2103;27.04.2023;765
1403;38;2150;27.02.2023;467
1404;20;1631;20.09.2022;589
1405;8;1693;02.08.2023;370
1406;11;907;19.07.2023;790
1407;21;485;06.03.2023;749
1408;25;206;24.09.2022;817
1409;9;704;06.07.2023;354
1410;35;2180;15.12.2022;797
1411;13;389;17.04.2023;818
1412;18;355;25.10.2022;729
1413;24;1602;03.05.2023;878
1414;26;2749;25.04.2023;754
1415;32;2524;16.03.2023;762
1416;30;1270;13.10.2022;511
1417;45;2066;22.11.2022;797
1418;13;1881;05.07.2023;855
1419;29;2778;14.03.2023;988
1420;31;2790;11.12.2022;926
1421;41;1195;13.11.2022;459
1422;22;1081;03.03.2023;911
1423;37;993;26.07.2023;542
1424;27;550;17.05.2023;567
1425;10;1336;13.10.2022;768
1426;20;44;07.04.2023;419
1427;1;2161;30.11.2022;552
1428;1;1312;13.01.2023;834
1429;6;2654;27.03.2023;462
1430;25;2987;30.11.2022;359
1431;45;1073;24.06.2023;981
1432;29;1160;20.01.2023;965
1433;29;1063;01.04.2023;413
1434;4;1184;08.09.2022;438
1435;40;2800;07.11.2022;756
1436;20;257;05.12.2022;882
1437;21;1972;01.10.2022;332
1438;43;356;06.04.2023;642
1439;42;1078;07.08.2023;725
1440;20;1985;07.01.2023;902
1441;5;1590;18.05.2023;918
1442;33;1329;25.05.2023;622
1443;34;836;06.12.2022;534
1444;5;2709;08.05.2023;910
1445;6;601;24.09.2022;788
1446;20;2660;28.02.2023;589
1447;15;2047;02.07.2023;612
1448;41;2815;06.11.2022;320
1449;2;689;20.09.2022;425
1450;4;268;10.03.2023;583
1451;26;2088;16.02.2023;482
1452;33;2652;07.05.2023;917
1453;39;2437;07.03.2023;998
1454;20;73;30.01.2023;703
1455;26;733;13.07.2023;702
1456;9;2599;19.08.2022;711
1457;40;669;28.06.2023;625
1458;37;882;30.10.2022;692
1459;16;475;09.07.2023;933
1460;37;2501;18.05.2023;888
1461;10;2438;26.11.2022;682
1462;20;550;17.12.2022;323
1463;18;1684;09.08.2023;579
1464;17;2175;02.12.2022;946
1465;11;2656;15.07.2023;990
1466;26;2099;06.03.2023;712
1467;39;1309;29.07.2023;692
1468;23;781;16.01.2023;491
1469;35;346;06.03.2023;401
1470;40;406;03.04.2023;453
1471;1;772;27.12.2022;785
1472;6;136;28.02.2023;546
1473;1;2924;30.06.2023;880
1474;22;1593;28.12.2022;916
1475;1;495;17.09.2022;786
1476;2;1227;25.12.2022;783
1477;13;2177;17.08.2022;737
1478;39;1301;05.05.2023;981
1479;2;2516;06.04.2023;519
1480;24;1807;17.11.2022;493
1481;9;856;17.08.2022;879
1482;38;416;20.12.2022;455
1483;24;1148;30.11.2022;855
1484;42;331;26.07.2023;571
1485;18;1277;08.05.2023;329
1486;25;630;27.06.2023;346
1487;5;2632;26.06.2023;650
1488;21;2947;31.01.2023;474
1489;14;70;05.02.2023;904
1490;4;1294;18.04.2023;434
1491;38;86;29.05.2023;809
1492;12;2313;10.02.2023;925
1493;21;878;20.12.2022;628
1494;41;981;16.07.2023;310
1495;13;5;07.03.2023;708
1496;37;1816;05.06.2023;982
1497;11;255;21.01.2023;871
1498;31;2558;08.03.2023;645
1499;17;2820;22.11.2022;867
1500;29;1746;01.06.2023;566
1501;40;2781;15.07.2023;601
1502;38;45;09.03.2023;817
1503;41;230;20.06.2023;333
1504;26;219;13.05.2023;693
1505;3;452;13.12.2022;789
1506;3;866;27.01.2023;528
1507;12;1889;12.08.2023;904
1508;5;971;24.12.2022;848
1509;28;2010;04.04.2023;866
1510;42;2059;22.10.2022;707
1511;7;534;09.02.2023;450
1512;19;762;10.04.2023;517
1513;35;2433;02.11.2022;530
1514;15;1489;21.10.2022;973
1515;24;2782;10.02.2023;454
1516;23;844;02.05.2023;345
1517;32;166;21.05.2023;922
1518;7;2828;22.08.2022;573
1519;14;1717;01.11.2022;722
1520;20;886;16.01.2023;932
1521;24;341;02.04.2023;715
1522;38;335;31.01.2023;576
1523;38;2633;23.10.2022;743
1524;22;108;18.02.2023;454
1525;10;2461;03.06.2023;396
1526;2;1385;06.03.2023;389
1527;15;543;28.09.2022;990
1528;1;1814;10.04.2023;513
1529;4;1522;19.07.2023;773
1530;37;920;15.12.2022;445
1531;18;1384;06.06.2023;437
1532;32;1940;10.11.2022;853
1533;23;2430;29.10.2022;912
1534;16;986;02.06.2023;757
1535;24;2139;25.01.2023;940
1536;40;1308;21.07.2023;797
1537;34;594;13.10.2022;446
1538;16;1520;04.02.2023;404
1539;43;2103;02.05.2023;466
1540;40;1959;12.10.2022;397
1541;4;2795;20.11.2022;574
1542;24;2786;09.03.2023;550
1543;21;1228;16.03.2023;663
1544;33;584;07.05.2023;748
1545;12;341;09.06.2023;773
1546;30;2183;30.11.2022;594
1547;27;2842;22.08.2022;886
1548;5;650;02.06.2023;649
1549;7;505;31.12.2022;358
1550;9;2294;18.12.2022;404
1551;43;2418;17.04.2023;877
1552;33;2603;25.06.2023;366
1553;6;2343;25.05.2023;308
1554;38;729;12.07.2023;522
1555;14;837;16.09.2022;749
1556;23;2269;14.08.2023;987
1557;17;2287;21.10.2022;534
1558;22;1218;20.09.2022;583
1559;7;477;22.11.2022;725
1560;19;398;06.02.2023;886
1561;12;876;23.12.2022;666
1562;41;1426;30.01.2023;838
1563;8;2975;05.09.2022;499
1564;34;883;24.06.2023;481
1565;29;2130;05.02.2023;703
1566;31;495;12.02.2023;575
1567;16;1170;23.08.2022;481
1568;28;783;07.01.2023;624
1569;17;787;14.04.2023;693
1570;13;618;08.05.2023;999
1571;25;782;14.03.2023;692
1572;13;1340;21.01.2023;333
1573;37;1389;20.03.2023;868
1574;32;1624;11.03.2023;910
1575;9;574;08.09.2022;727
1576;3;1174;28.06.2023;511
1577;11;1555;18.07.2023;578
1578;8;778;03.03.2023;538
1579;20;2985;05.09.2022;807
1580;6;2039;02.09.2022;663
1581;23;1140;11.11.2022;384
1582;29;1361;22.08.2022;766
1583;35;1081;19.08.2022;811
1584;17;556;18.04.2023;368
1585;30;1541;17.08.2022;515
1586;15;1382;08.10.2022;667
1587;33;1729;16.10.2022;947
1588;41;794;22.01.2023;616
1589;29;2467;08.07.2023;686
1590;43;2057;05.04.2023;895
1591;18;2967;19.07.2023;469
1592;19;1050;18.11.2022;366
1593;25;775;15.02.2023;479
1594;44;2704;24.04.2023;715
1595;18;1591;28.08.2022;841
1596;4;879;09.04.2023;470
1597;16;2798;21.03.2023;547
1598;14;796;30.01.2023;689
1599;40;375;27.11.2022;891
1600;4;2515;23.09.2022;518
1601;11;1696;25.07.2023;844
1602;44;2851;11.12.2022;561
1603;25;2389;17.06.2023;574
1604;44;1740;03.05.2023;324
1605;35;415;29.06.2023;988
1606;42;530;19.11.2022;837
1607;41;713;07.01.2023;814
1608;40;205;09.06.2023;649
1609;37;2069;11.12.2022;464
1610;38;1955;10.11.2022;341
1611;15;2434;08.10.2022;937
1612;10;272;28.10.2022;347
1613;16;1687;02.01.2023;944
1614;7;596;02.12.2022;931
1615;5;1551;15.10.2022;526
1616;36;2148;13.03.2023;317
1617;15;918;24.06.2023;412
1618;12;2981;21.03.2023;506
1619;44;1920;23.06.2023;347
1620;40;1599;06.12.2022;575
1621;20;1093;10.09.2022;908
1622;43;406;01.05.2023;495
1623;1;440;13.09.2022;963
1624;1;1221;27.03.2023;956
1625;45;907;25.08.2022;347
1626;20;2095;24.04.2023;830
1627;37;1686;21.07.2023;440
1628;14;2904;13.03.2023;627
1629;14;336;07.11.2022;745
1630;40;1299;08.12.2022;920
1631;26;1715;05.03.2023;880
1632;39;1994;09.10.2022;482
1633;42;1874;25.06.2023;384
1634;29;260;20.11.2022;447
1635;33;200;30.03.2023;762
1636;9;2839;14.02.2023;646
1637;10;1654;18.01.2023;802
1638;32;1396;19.01.2023;636
1639;5;1860;28.05.2023;636
1640;14;2947;02.04.2023;979
1641;34;1117;30.07.2023;752
1642;34;2177;12.07.2023;853
1643;30;1030;30.09.2022;848
1644;44;1007;22.02.2023;674
1645;18;2346;09.11.2022;955
1646;42;2119;10.12.2022;715
1647;20;2812;09.02.2023;402
1648;12;93;12.02.2023;861
1649;22;466;09.06.2023;511
1650;19;2850;24.12.2022;509
1651;24;2891;23.03.2023;547
1652;5;516;12.04.2023;813
1653;3;2093;13.06.2023;887
1654;8;955;07.07.2023;950
1655;38;2232;16.05.2023;311
1656;17;2505;31.07.2023;453
1657;15;896;27.09.2022;844
1658;24;1371;31.12.2022;737
1659;9;679;25.10.2022;963
1660;7;1486;06.10.2022;869
1661;16;859;08.05.2023;325
1662;3;1588;08.02.2023;429
1663;4;924;03.11.2022;479
1664;31;2369;22.05.2023;792
1665;5;28;13.01.2023;997
1666;22;2087;25.12.2022;684
1667;14;605;13.09.2022;319
1668;29;1585;18.10.2022;659
1669;16;286;26.05.2023;811
1670;4;1296;26.09.2022;303
1671;37;1298;23.06.2023;370
1672;32;2317;18.01.2023;538
1673;21;549;30.04.2023;703
1674;18;1252;14.04.2023;467
1675;17;2085;17.05.2023;855
1676;41;2857;30.06.2023;539
1677;40;1470;29.03.2023;369
1678;14;2595;06.05.2023;992
1679;12;742;05.06.2023;644
1680;38;1164;23.10.2022;435
1681;40;1539;19.09.2022;850
1682;14;235;21.06.2023;541
1683;2;633;31.12.2022;660
1684;23;1236;20.10.2022;828
1685;6;2924;01.02.2023;312
1686;40;2238;12.11.2022;782
1687;13;58;02.05.2023;366
1688;19;830;11.03.2023;548
1689;4;2397;26.11.2022;743
1690;11;2207;15.02.2023;783
1691;28;2164;16.09.2022;401
1692;36;240;04.02.2023;354
1693;18;2059;06.04.2023;884
1694;31;413;15.01.2023;611
1695;39;193;22.07.2023;621
1696;34;1803;09.03.2023;448
1697;36;2389;25.09.2022;782
1698;3;2773;15.01.2023;747
1699;7;1460;28.06.2023;797
1700;42;326;03.03.2023;574
1701;40;2193;20.05.2023;946
1702;18;2508;12.11.2022;322
1703;21;2732;04.04.2023;408
1704;10;1148;27.04.2023;680
1705;38;2650;16.05.2023;369
1706;9;853;06.06.2023;893
1707;8;1251;10.10.2022;776
1708;44;2640;04.08.2023;805
1709;1;1835;28.02.2023;830
1710;39;1503;21.10.2022;950
1711;8;1689;16.10.2022;472
1712;21;1900;28.08.2022;754
1713;30;1678;22.04.2023;809
1714;14;1317;01.09.2022;414
1715;15;2638;27.04.2023;358
1716;42;75;07.10.2022;947
1717;32;1205;26.11.2022;667
1718;5;1987;12.11.2022;388
1719;43;888;28.09.2022;810
1720;7;387;18.08.2022;740
1721;44;2304;31.05.2023;878
1722;28;2453;27.07.2023;760
1723;9;2222;21.02.2023;706
1724;25;146;29.05.2023;319
1725;20;5;12.08.2023;727
1726;37;638;15.08.2022;320
1727;44;76;23.09.2022;446
1728;41;2371;24.09.2022;430
1729;12;1012;27.11.2022;445
1730;29;1946;14.04.2023;870
1731;6;27;18.06.2023;360
1732;43;1569;01.10.2022;471
1733;45;548;19.06.2023;348
1734;44;2799;09.08.2023;369
1735;35;2323;27.04.2023;394
1736;9;1824;14.06.2023;619
1737;11;1484;22.12.2022;521
1738;28;673;18.09.2022;505
1739;4;718;30.10.2022;747
1740;30;742;14.04.2023;487
1741;38;2120;22.12.2022;457
1742;41;337;30.06.2023;883
1743;44;2874;12.08.2023;586
1744;39;2844;08.02.2023;860
1745;21;696;14.08.2023;980
1746;28;1077;08.08.2023;379
1747;26;618;01.03.2023;489
1748;27;535;04.03.2023;614
1749;21;514;02.01.2023;971
1750;21;2351;29.08.2022;924
1751;17;1347;22.05.2023;613
1752;21;538;29.07.2023;343
1753;12;1195;06.04.2023;679
1754;41;2348;19.10.2022;586
1755;15;1809;16.07.2023;369
1756;45;17;25.10.2022;747
1757;26;2888;23.08.2022;980
1758;39;1262;25.01.2023;347
1759;40;2948;19.01.2023;581
1760;40;1873;14.12.2022;654
1761;19;792;08.03.2023;905
1762;23;88;21.02.2023;816
1763;44;2904;11.10.2022;639
1764;24;2588;03.01.2023;345
1765;2;2149;13.02.2023;573
1766;7;1686;23.04.2023;692
1767;34;2339;20.03.2023;426
1768;10;1604;18.08.2022;715
1769;29;2407;04.01.2023;312
1770;21;1550;22.10.2022;688
1771;31;1689;01.04.2023;314
1772;15;1371;21.05.2023;692
1773;20;8;24.01.2023;856
1774;32;905;13.05.2023;868
1775;26;897;09.09.2022;445
1776;22;455;11.01.2023;868
1777;38;1713;15.07.2023;388
1778;5;356;04.12.2022;639
1779;32;1225;18.09.2022;472
1780;45;2975;21.11.2022;438
1781;39;2339;17.04.2023;364
1782;8;1838;04.05.2023;874
1783;36;276;27.09.2022;799
1784;42;1324;25.06.2023;739
1785;32;1757;02.11.2022;453
1786;9;315;26.02.2023;896
1787;1;1188;11.02.2023;848
1788;4;2220;11.07.2023;685
1789;31;569;08.07.2023;556
1790;25;2093;21.05.2023;555
1791;22;2412;09.03.2023;566
1792;33;421;06.01.2023;866
1793;8;2268;10.04.2023;652
1794;20;2425;27.10.2022;311
1795;6;553;17.11.2022;870
1796;17;2074;10.10.2022;447
1797;24;305;24.05.2023;809
1798;11;1305;09.10.2022;922
1799;24;2437;09.02.2023;921
1800;22;2556;12.10.2022;633
1801;37;2583;24.08.2022;981
1802;41;1730;28.05.2023;611
1803;24;2946;10.05.2023;899
1804;16;1608;31.01.2023;981
1805;21;1637;23.10.2022;512
1806;4;732;09.04.2023;628
1807;21;1331;22.05.2023;341
1808;9;1873;30.04.2023;968
1809;4;1685;25.09.2022;662
1810;45;121;29.11.2022;366
1811;19;1996;28.10.2022;770
1812;24;1486;23.10.2022;469
1813;31;1751;29.03.2023;825
1814;33;643;10.05.2023;784
1815;7;1019;19.07.2023;991
1816;24;197;05.07.2023;375
1817;19;2935;20.08.2022;525
1818;7;1580;21.06.2023;729
1819;18;2300;18.02.2023;608
1820;35;1794;29.05.2023;795
1821;38;2451;08.12.2022;721
1822;12;1571;09.05.2023;993
1823;45;1741;28.02.2023;720
1824;28;1564;02.09.2022;923
1825;18;413;03.07.2023;941
1826;1;1381;30.08.2022;498
1827;11;1623;19.08.2022;405
1828;18;82;10.12.2022;764
1829;22;756;24.12.2022;848
1830;31;1053;18.12.2022;659
1831;14;172;18.06.2023;377
1832;20;2030;23.02.2023;320
1833;13;1047;22.04.2023;860
1834;10;865;20.06.2023;547
1835;37;2526;11.08.2023;391
1836;42;2022;22.07.2023;754
1837;42;446;04.08.2023;408
1838;2;310;06.09.2022;999
1839;25;2160;01.01.2023;389
1840;20;2672;18.05.2023;727
1841;21;1656;01.06.2023;853
1842;2;2827;05.11.2022;405
1843;21;2838;12.06.2023;850
1844;31;1057;21.12.2022;850
1845;32;1482;03.03.2023;408
1846;40;1483;08.07.2023;867
1847;45;2069;25.12.2022;813
1848;9;869;30.05.2023;716
1849;35;2261;14.04.2023;607
1850;17;2002;13.12.2022;637
1851;11;1203;29.06.2023;602
1852;31;2576;13.07.2023;886
1853;30;2657;07.05.2023;546
1854;2;1531;10.12.2022;374
1855;12;2666;08.07.2023;319
1856;12;75;01.02.2023;811
1857;10;708;24.08.2022;451
1858;42;1102;12.07.2023;978
1859;17;2975;09.04.2023;952
1860;31;2842;04.04.2023;988
1861;1;2048;15.08.2023;581
1862;43;557;24.07.2023;442
1863;14;84;07.09.2022;527
1864;32;1536;17.06.2023;338
1865;45;1092;25.01.2023;512
1866;28;2988;09.06.2023;803
1867;30;2899;30.09.2022;710
1868;42;1922;21.06.2023;774
1869;14;2501;19.02.2023;483
1870;7;91;22.09.2022;827
1871;39;692;21.05.2023;689
1872;40;152;03.08.2023;577
1873;7;2618;31.05.2023;618
1874;35;2762;26.12.2022;612
1875;13;1585;27.01.2023;348
1876;17;1564;07.07.2023;395
1877;40;1123;26.11.2022;958
1878;43;782;29.03.2023;315
1879;4;862;26.03.2023;678
1880;26;2994;17.06.2023;864
1881;2;1248;06.04.2023;782
1882;7;2542;18.12.2022;334
1883;6;1954;10.08.2023;397
1884;27;924;02.04.2023;962
1885;45;2419;23.11.2022;417
1886;15;2810;23.03.2023;508
1887;32;546;31.10.2022;713
1888;27;570;27.09.2022;444
1889;35;2270;09.06.2023;713
1890;40;2855;26.11.2022;877
1891;11;1675;08.08.2023;306
1892;17;1004;13.03.2023;728
1893;34;515;15.02.2023;620
1894;40;257;06.02.2023;509
1895;1;1179;16.03.2023;842
1896;45;2940;09.11.2022;875
1897;39;1977;08.09.2022;357
1898;17;898;14.08.2023;491
1899;15;2791;24.09.2022;375
1900;36;2644;05.06.2023;499
1901;7;2244;10.07.2023;412
1902;4;2500;29.04.2023;516
1903;43;1506;18.06.2023;605
1904;26;1080;22.09.2022;762
1905;20;72;01.06.2023;345
1906;16;2807;07.01.2023;383
1907;39;2149;11.06.2023;632
1908;33;779;15.12.2022;392
1909;42;184;07.10.2022;944
1910;32;889;12.03.2023;618
1911;36;1875;05.06.2023;459
1912;26;1031;02.06.2023;600
1913;3;2775;02.04.2023;640
1914;31;2865;17.05.2023;992
1915;6;2220;15.04.2023;883
1916;18;2639;23.10.2022;930
1917;37;2049;25.11.2022;840
1918;20;1297;10.10.2022;590
1919;33;1592;21.01.2023;607
1920;12;1354;17.11.2022;837
1921;17;331;25.07.2023;335
1922;32;1584;13.08.2023;699
1923;25;2044;04.02.2023;362
1924;10;134;24.01.2023;688
1925;11;2241;06.10.2022;308
1926;12;1142;23.11.2022;859
1927;38;127;09.06.2023;452
1928;3;1007;08.10.2022;343
1929;30;1453;07.10.2022;653
1930;3;286;25.06.2023;724
1931;26;1018;17.09.2022;503
1932;30;2292;05.09.2022;308
1933;19;2877;26.09.2022;383
1934;19;930;28.07.2023;823
1935;37;2090;05.02.2023;832
1936;12;2553;12.06.2023;655
1937;4;2834;22.08.2022;920
1938;17;685;07.04.2023;305
1939;1;1976;11.04.2023;944
1940;10;1645;14.04.2023;544
1941;20;1857;03.11.2022;654
1942;23;598;03.09.2022;475
1943;11;858;13.11.2022;509
1944;19;744;22.11.2022;365
1945;3;1616;16.04.2023;630
1946;34;788;18.04.2023;499
1947;34;975;10.11.2022;672
1948;24;399;13.12.2022;819
1949;24;1542;05.06.2023;606
1950;28;2216;09.09.2022;393
1951;30;2170;22.04.2023;941
1952;35;2640;08.12.2022;338
1953;44;1983;19.09.2022;628
1954;18;358;10.10.2022;361
1955;35;1743;07.07.2023;408
1956;7;1477;25.05.2023;687
1957;4;2898;13.05.2023;753
1958;43;1513;30.08.2022;660
1959;13;1209;23.05.2023;397
1960;32;2038;21.05.2023;413
1961;12;983;02.03.2023;874
1962;3;2532;12.11.2022;663
1963;31;1442;13.06.2023;973
1964;28;912;27.05.2023;712
1965;21;1091;22.10.2022;858
1966;3;2024;07.05.2023;513
1967;42;403;12.10.2022;914
1968;28;48;22.07.2023;655
1969;19;2592;21.05.2023;398
1970;38;11;19.06.2023;465
1971;35;15;18.05.2023;612
1972;9;521;08.01.2023;861
1973;25;2743;07.10.2022;371
1974;31;919;31.05.2023;625
1975;34;1565;25.03.2023;983
1976;18;543;29.09.2022;388
1977;25;886;28.06.2023;332
1978;5;215;28.05.2023;600
1979;32;2488;21.05.2023;713
1980;21;997;27.06.2023;831
1981;6;32;03.09.2022;417
1982;42;1696;25.08.2022;836
1983;4;15;04.04.2023;852
1984;11;2012;08.07.2023;351
1985;22;72;05.02.2023;938
1986;13;1592;05.04.2023;596
1987;7;1990;15.06.2023;584
1988;43;1193;03.07.2023;907
1989;2;1680;16.05.2023;390
1990;24;2341;01.09.2022;787
1991;36;1234;11.06.2023;671
1992;1;2742;20.11.2022;366
1993;13;1186;19.10.2022;559
1994;44;1543;28.09.2022;668
1995;16;726;19.08.2022;350
1996;11;794;15.08.2022;448
1997;19;250;28.11.2022;457
1998;18;1419;30.10.2022;901
1999;22;53;05.04.2023;593
2000;32;1617;11.08.2023;727
2001;41;704;26.05.2023;466
2002;40;481;07.06.2023;697
2003;15;469;20.09.2022;969
2004;22;854;25.09.2022;325
2005;20;841;29.04.2023;677
2006;26;2549;20.03.2023;744
2007;31;287;03.11.2022;593
2008;43;639;05.04.2023;725
2009;15;1646;22.12.2022;558
2010;36;1043;27.07.2023;578
2011;13;1801;20.08.2022;545
2012;5;937;08.08.2023;528
2013;28;2699;31.05.2023;809
2014;37;327;02.01.2023;819
2015;25;1462;21.08.2022;497
2016;10;2796;20.10.2022;843
2017;35;764;27.06.2023;826
2018;11;2345;24.06.2023;858
2019;45;159;17.09.2022;941
2020;20;2425;08.10.2022;571
2021;17;359;30.01.2023;686
2022;19;1407;24.04.2023;853
2023;9;576;11.04.2023;642
2024;2;136;26.12.2022;996
2025;7;2466;13.10.2022;442
2026;40;1144;08.10.2022;971
2027;19;852;21.06.2023;885
2028;45;1316;13.05.2023;638
2029;25;1794;06.06.2023;880
2030;42;2041;17.02.2023;362
2031;25;193;20.07.2023;844
2032;14;2095;31.07.2023;387
2033;36;2588;25.10.2022;853
2034;43;725;27.09.2022;647
2035;42;1573;07.06.2023;520
2036;18;461;19.09.2022;657
2037;43;1402;24.09.2022;603
2038;1;1605;21.06.2023;924
2039;6;125;14.09.2022;795
2040;40;149;03.06.2023;812
2041;31;2891;12.08.2023;722
2042;19;1889;29.06.2023;894
2043;25;375;26.10.2022;566
2044;21;2659;13.08.2023;315
2045;33;2197;09.07.2023;395
2046;2;2163;19.01.2023;552
2047;23;1718;08.11.2022;635
2048;31;1539;16.07.2023;419
2049;10;2255;27.09.2022;688
2050;6;547;03.07.2023;705
2051;7;2892;05.11.2022;322
2052;40;618;06.06.2023;645
2053;7;932;21.05.2023;333
2054;30;151;14.10.2022;461
2055;2;1988;29.03.2023;613
2056;30;2766;10.01.2023;922
2057;8;2564;29.04.2023;836
2058;21;637;30.01.2023;453
2059;34;1284;08.01.2023;672
2060;20;2070;02.06.2023;591
2061;4;389;01.11.2022;729
2062;27;1284;28.05.2023;638
2063;30;1622;18.09.2022;917
2064;16;2086;26.11.2022;646
2065;2;599;22.01.2023;895
2066;40;1347;12.12.2022;767
2067;24;910;10.08.2023;590
2068;9;246;21.06.2023;354
2069;20;1257;08.04.2023;753
2070;10;2790;16.04.2023;763
2071;20;1259;18.08.2022;835
2072;1;664;13.05.2023;458
2073;14;2491;27.01.2023;534
2074;7;2907;23.05.2023;703
2075;4;1093;09.12.2022;514
2076;15;2472;25.11.2022;367
2077;44;1762;24.12.2022;366
2078;15;1100;28.07.2023;478
2079;8;255;19.09.2022;526
2080;35;518;13.06.2023;595
2081;10;422;06.03.2023;954
2082;23;859;15.04.2023;629
2083;21;1567;09.11.2022;443
2084;41;1844;10.11.2022;764
2085;31;314;16.07.2023;433
2086;23;2685;27.11.2022;381
2087;28;93;06.05.2023;941
2088;34;1553;07.10.2022;863
2089;19;2588;03.10.2022;693
2090;21;598;08.09.2022;373
2091;31;1049;30.12.2022;807
2092;42;99;14.03.2023;790
2093;26;1178;21.11.2022;941
2094;35;2678;27.03.2023;369
2095;22;1381;08.09.2022;821
2096;28;1499;05.11.2022;305
2097;16;1013;28.11.2022;439
2098;7;719;19.03.2023;940
2099;10;936;10.01.2023;439
2100;1;27;04.07.2023;980
2101;15;859;14.05.2023;413
2102;42;536;20.03.2023;375
2103;15;777;18.01.2023;457
2104;37;1307;02.07.2023;488
2105;34;1734;27.02.2023;520
2106;10;591;21.01.2023;364
2107;8;269;08.07.2023;468
2108;26;2356;15.03.2023;654
2109;43;2174;06.04.2023;643
2110;39;2246;02.02.2023;637
2111;37;2550;19.12.2022;712
2112;36;1610;12.08.2023;632
2113;37;266;17.09.2022;575
2114;12;2872;27.11.2022;642
2115;23;2630;30.12.2022;994
2116;22;1640;27.03.2023;403
2117;29;722;19.03.2023;482
2118;27;1939;25.08.2022;811
2119;37;438;12.05.2023;624
2120;44;1880;15.11.2022;588
2121;23;482;10.06.2023;337
2122;1;2786;31.07.2023;797
2123;9;823;11.08.2023;495
2124;3;2283;29.09.2022;686
2125;30;1740;05.08.2023;556
2126;23;1488;01.10.2022;785
2127;28;991;15.02.2023;741
2128;10;348;24.03.2023;550
2129;26;980;10.09.2022;772
2130;6;2741;15.08.2023;923
2131;42;2485;10.02.2023;628
2132;35;849;15.05.2023;581
2133;25;400;23.09.2022;642
2134;41;2872;25.05.2023;493
2135;37;151;07.10.2022;961
2136;12;115;27.09.2022;932
2137;45;1258;10.08.2023;724
2138;24;1022;01.04.2023;567
2139;40;648;17.04.2023;428
2140;24;908;26.03.2023;398
2141;18;1034;05.11.2022;968
2142;44;1901;29.12.2022;469
2143;32;1153;13.10.2022;976
2144;37;2825;15.02.2023;754
2145;33;1946;25.07.2023;891
2146;12;1587;14.09.2022;958
2147;29;46;17.01.2023;928
2148;24;42;15.05.2023;774
2149;7;2390;03.04.2023;891
2150;3;383;15.11.2022;816
2151;38;497;17.09.2022;657
2152;33;1842;16.01.2023;307
2153;36;1519;06.03.2023;397
2154;45;1264;05.04.2023;709
2155;22;1058;25.05.2023;535
2156;6;348;19.07.2023;714
2157;37;1411;23.03.2023;867
2158;36;2965;14.08.2023;822
2159;1;2764;06.10.2022;917
2160;4;2046;24.02.2023;942
2161;27;1698;14.03.2023;701
2162;34;1800;16.03.2023;889
2163;15;2500;31.07.2023;971
2164;20;2989;14.02.2023;528
2165;38;801;26.03.2023;501
2166;19;694;17.11.2022;365
2167;45;1201;05.05.2023;605
2168;45;1141;14.12.2022;341
2169;39;2967;20.02.2023;445
2170;19;1704;23.01.2023;712
2171;33;1175;29.10.2022;639
2172;5;382;20.03.2023;523
2173;29;722;02.09.2022;966
2174;2;2819;23.08.2022;762
2175;10;791;26.09.2022;983
2176;19;952;03.10.2022;674
2177;37;517;23.08.2022;789
2178;37;2411;05.10.2022;505
2179;18;236;03.04.2023;795
2180;35;1405;25.05.2023;828
2181;35;521;04.04.2023;538
2182;30;1331;13.03.2023;694
2183;11;492;22.05.2023;642
2184;34;2419;23.04.2023;518
2185;22;588;21.05.2023;522
2186;1;1329;28.12.2022;588
2187;21;2475;27.11.2022;767
2188;19;2154;03.11.2022;669
2189;18;817;09.06.2023;597
2190;17;2007;08.01.2023;701
2191;39;400;27.08.2022;859
2192;26;1144;18.03.2023;319
2193;8;1928;23.08.2022;899
2194;15;1826;13.09.2022;586
2195;23;2780;06.05.2023;832
2196;37;716;28.08.2022;339
2197;29;1709;15.06.2023;712
2198;32;1127;19.08.2022;573
2199;4;1675;22.07.2023;338
2200;5;345;11.04.2023;982
2201;36;465;31.03.2023;554
2202;15;74;30.03.2023;912
2203;3;1280;14.06.2023;471
2204;20;513;08.01.2023;859
2205;19;2012;15.08.2023;392
2206;43;2872;10.11.2022;338
2207;6;237;12.09.2022;697
2208;16;1649;02.11.2022;754
2209;3;2904;21.05.2023;554
2210;18;164;27.03.2023;851
2211;39;1325;15.08.2022;545
2212;32;1647;19.02.2023;742
2213;8;2286;25.07.2023;960
2214;36;668;06.12.2022;715
2215;21;2559;21.11.2022;723
2216;36;2690;28.05.2023;414
2217;28;2088;04.06.2023;780
2218;13;836;11.04.2023;498
2219;28;783;03.12.2022;422
2220;25;728;12.10.2022;726
2221;2;1142;16.07.2023;783
2222;2;2336;26.11.2022;454
2223;36;2100;11.08.2023;523
2224;19;2532;19.12.2022;695
2225;14;2638;28.04.2023;475
2226;15;2334;27.04.2023;935
2227;45;2699;24.12.2022;738
2228;13;1360;19.06.2023;362
2229;40;1530;16.02.2023;860
2230;37;1512;20.06.2023;412
2231;28;247;05.03.2023;559
2232;1;1005;15.08.2022;703
2233;4;1695;13.05.2023;919
2234;8;1836;18.01.2023;749
2235;44;1671;05.04.2023;956
2236;11;1004;11.08.2023;975
2237;16;188;08.04.2023;694
2238;45;2463;03.01.2023;321
2239;18;427;26.03.2023;489
2240;43;903;04.07.2023;906
2241;31;965;06.06.2023;504
2242;37;2372;02.07.2023;448
2243;38;973;06.06.2023;774
2244;38;2620;14.02.2023;952
2245;26;1413;25.02.2023;500
2246;13;2891;28.07.2023;526
2247;37;165;01.02.2023;540
2248;41;416;07.05.2023;480
2249;15;523;15.04.2023;633
2250;34;2751;26.12.2022;932
2251;38;2443;12.05.2023;356
2252;14;976;25.08.2022;763
2253;24;2084;13.01.2023;552
2254;10;897;05.09.2022;824
2255;39;533;23.09.2022;368
2256;7;1578;23.11.2022;717
2257;24;767;15.05.2023;992
2258;34;2771;29.11.2022;674
2259;35;438;26.01.2023;642
2260;44;2683;12.09.2022;688
2261;6;78;11.06.2023;669
2262;23;911;05.07.2023;717
2263;33;24;27.04.2023;898
2264;26;877;22.01.2023;417
2265;2;1471;28.10.2022;530
2266;3;1153;11.09.2022;636
2267;11;1983;27.08.2022;327
2268;45;1028;12.05.2023;935
2269;39;411;18.04.2023;983
2270;26;657;27.03.2023;563
2271;7;762;24.10.2022;712
2272;38;2018;12.04.2023;864
2273;13;1618;02.11.2022;542
2274;4;1827;19.11.2022;350
2275;28;1947;29.11.2022;311
2276;44;1885;09.08.2023;722
2277;33;63;27.02.2023;493
2278;15;702;11.03.2023;911
2279;21;1081;07.08.2023;817
2280;27;911;26.03.2023;789
2281;8;1930;18.03.2023;596
2282;16;2467;12.10.2022;691
2283;31;1340;17.05.2023;393
2284;2;639;24.09.2022;697
2285;11;2640;20.12.2022;821
2286;21;2974;18.04.2023;409
2287;39;2646;23.11.2022;379
2288;1;623;15.09.2022;543
2289;32;1503;28.05.2023;924
2290;28;1920;03.12.2022;869
2291;11;508;13.12.2022;496
2292;14;1599;17.02.2023;662
2293;28;1991;29.05.2023;334
2294;8;630;09.07.2023;718
2295;45;2759;28.12.2022;363
2296;28;1556;13.04.2023;964
2297;24;1039;05.04.2023;800
2298;39;2597;17.08.2022;953
2299;29;131;05.06.2023;855
2300;13;1835;28.03.2023;593
2301;41;284;25.02.2023;937
2302;20;1946;03.05.2023;423
2303;17;1886;18.04.2023;688
2304;2;1135;21.09.2022;778
2305;37;318;22.10.2022;668
2306;1;2325;18.02.2023;551
2307;1;155;02.06.2023;707
2308;43;1624;28.09.2022;658
2309;8;313;10.02.2023;541
2310;37;2082;28.12.2022;427
2311;17;957;15.12.2022;779
2312;15;1420;18.06.2023;984
2313;26;241;07.11.2022;743
2314;10;2505;20.03.2023;733
2315;21;1975;20.11.2022;554
2316;26;2105;31.05.2023;628
2317;13;425;24.06.2023;405
2318;41;1452;19.04.2023;936
2319;18;542;27.10.2022;602
2320;19;483;17.12.2022;973
2321;27;1105;04.09.2022;803
2322;5;2626;26.05.2023;796
2323;43;2632;06.07.2023;922
2324;37;2845;04.07.2023;822
2325;20;2660;27.11.2022;667
2326;38;2861;29.06.2023;975
2327;13;1789;09.03.2023;872
2328;15;523;17.09.2022;611
2329;33;1365;28.01.2023;996
2330;22;457;02.05.2023;549
2331;45;2536;27.09.2022;544
2332;7;2737;07.07.2023;312
2333;32;1265;06.07.2023;698
2334;26;2418;22.03.2023;644
2335;23;1798;09.02.2023;963
2336;32;1055;16.11.2022;843
2337;23;954;17.04.2023;833
2338;40;1889;30.11.2022;543
2339;42;1475;03.06.2023;412
2340;18;336;05.04.2023;912
2341;3;532;23.08.2022;707
2342;25;1239;21.03.2023;376
2343;8;24;27.12.2022;798
2344;2;398;20.07.2023;656
2345;31;2583;23.10.2022;820
2346;15;1750;27.05.2023;671
2347;24;1260;22.10.2022;824
2348;7;2959;17.10.2022;550
2349;15;2723;11.06.2023;313
2350;20;2646;11.03.2023;939
2351;23;476;04.03.2023;801
2352;36;1253;17.03.2023;877
2353;44;2333;30.04.2023;446
2354;7;786;19.02.2023;310
2355;19;200;03.05.2023;822
2356;30;1347;17.04.2023;412
2357;6;2197;21.05.2023;550
2358;15;594;28.08.2022;422
2359;6;2468;07.12.2022;779
2360;14;2807;19.03.2023;413
2361;25;2201;05.02.2023;465
2362;12;1344;16.07.2023;605
2363;12;2549;06.09.2022;955
2364;34;2387;13.07.2023;539
2365;36;1393;26.10.2022;662
2366;26;1270;05.09.2022;730
2367;38;2722;02.02.2023;552
2368;12;1374;08.08.2023;571
2369;13;832;21.10.2022;784
2370;45;1812;24.10.2022;308
2371;12;388;14.11.2022;411
2372;29;2919;19.07.2023;521
2373;40;1475;27.07.2023;691
2374;18;1991;18.06.2023;393
2375;30;2803;27.05.2023;469
2376;5;1959;25.05.2023;585
2377;25;1013;23.08.2022;796
2378;29;1253;04.05.2023;575
2379;11;933;02.10.2022;825
2380;23;2865;05.11.2022;321
2381;16;2903;13.11.2022;308
2382;23;542;30.11.2022;516
2383;36;2947;30.07.2023;989
2384;38;332;05.03.2023;373
2385;3;591;21.06.2023;978
2386;34;1251;13.03.2023;526
2387;39;694;23.07.2023;937
2388;10;1725;11.12.2022;440
2389;25;1623;08.07.2023;895
2390;39;1413;18.10.2022;407
2391;3;2817;27.10.2022;563
2392;38;1251;13.04.2023;306
2393;31;2678;07.04.2023;555
2394;16;544;02.09.2022;837
2395;13;14;19.05.2023;543
2396;19;932;27.01.2023;407
2397;8;2154;14.09.2022;524
2398;44;1453;01.02.2023;328
2399;29;1383;10.09.2022;764
2400;6;1764;03.02.2023;578
2401;42;1145;21.10.2022;941
2402;7;1709;15.06.2023;644
2403;16;1084;04.06.2023;342
2404;45;1732;12.06.2023;609
2405;15;1705;27.10.2022;704
2406;39;246;08.11.2022;826
2407;2;494;23.09.2022;748
2408;9;1951;10.06.2023;822
2409;14;1809;28.10.2022;655
2410;42;2668;16.04.2023;328
2411;14;210;19.12.2022;892
2412;17;2006;24.06.2023;802
2413;1;1570;12.05.2023;642
2414;10;1093;14.12.2022;568
2415;28;180;20.12.2022;509
2416;14;381;27.10.2022;761
2417;40;1900;27.03.2023;407
2418;44;283;06.09.2022;594
2419;43;2466;11.08.2023;483
2420;19;2046;28.06.2023;598
2421;40;1783;06.05.2023;684
2422;31;630;01.02.2023;387
2423;38;1057;21.02.2023;915
2424;36;395;14.01.2023;434
2425;27;2828;14.07.2023;572
2426;32;2404;04.06.2023;981
2427;8;1200;30.06.2023;418
2428;33;193;10.10.2022;448
2429;18;1690;25.04.2023;310
2430;11;2355;14.03.2023;488
2431;14;1250;23.10.2022;916
2432;3;711;29.06.2023;929
2433;28;2342;12.03.2023;795
2434;15;1626;12.01.2023;303
2435;8;1867;27.08.2022;790
2436;19;861;08.02.2023;473
2437;42;649;25.03.2023;520
2438;16;609;22.04.2023;745
2439;28;1430;02.03.2023;814
2440;31;2105;25.08.2022;484
2441;3;598;07.12.2022;413
2442;34;2870;09.05.2023;812
2443;39;2926;11.04.2023;503
2444;38;6;18.03.2023;432
2445;13;1828;07.08.2023;864
2446;34;836;26.06.2023;579
2447;12;1700;22.06.2023;737
2448;33;2682;03.09.2022;766
2449;12;1413;24.01.2023;833
2450;28;833;19.10.2022;760
2451;31;1242;31.10.2022;827
2452;42;1739;25.08.2022;808
2453;39;966;16.11.2022;774
2454;33;2452;23.06.2023;646
2455;43;1232;18.04.2023;504
2456;33;927;04.01.2023;308
2457;41;1173;28.08.2022;499
2458;38;2256;01.09.2022;519
2459;32;417;10.05.2023;882
2460;37;1353;16.05.2023;937
2461;34;2637;05.02.2023;697
2462;43;110;20.07.2023;483
2463;7;1437;04.04.2023;504
2464;4;617;22.06.2023;440
2465;24;229;13.05.2023;703
2466;4;2343;15.02.2023;540
2467;19;951;08.01.2023;457
2468;29;608;18.11.2022;309
2469;13;602;09.12.2022;488
2470;37;1392;08.09.2022;622
2471;18;2062;15.11.2022;380
2472;27;2405;15.11.2022;307
2473;32;13;10.11.2022;701
2474;43;1222;06.02.2023;344
2475;8;869;13.01.2023;330
2476;15;2983;15.01.2023;750
2477;29;5;21.09.2022;490
2478;34;1938;27.02.2023;338
2479;14;853;21.07.2023;838
2480;30;715;03.01.2023;534
2481;7;2790;16.03.2023;633
2482;12;1718;11.06.2023;807
2483;43;2855;25.04.2023;809
2484;4;1488;12.05.2023;584
2485;11;427;03.09.2022;982
2486;17;1006;10.12.2022;582
2487;21;632;18.04.2023;686
2488;34;1244;16.10.2022;352
2489;26;2438;15.11.2022;348
2490;31;607;02.01.2023;723
2491;7;2687;15.11.2022;609
2492;32;2893;22.06.2023;347
2493;10;1519;01.08.2023;690
2494;31;401;22.05.2023;596
2495;10;2758;18.07.2023;712
2496;10;2864;11.11.2022;649
2497;34;1686;25.04.2023;765
2498;10;2305;23.12.2022;539
2499;1;894;15.08.2023;363
2500;38;2379;13.06.2023;600
2501;37;1121;14.12.2022;824
2502;4;971;19.11.2022;963
2503;35;1296;29.06.2023;423
2504;33;2206;31.05.2023;890
2505;24;1391;30.05.2023;491
2506;24;1950;07.02.2023;643
2507;45;2478;01.10.2022;628
2508;19;1290;09.02.2023;373
2509;45;2058;31.01.2023;942
2510;19;1795;22.09.2022;507
2511;18;2358;20.11.2022;588
2512;5;1257;24.04.2023;326
2513;43;892;03.11.2022;426
2514;17;2591;01.03.2023;998
2515;42;2207;08.11.2022;665
2516;34;2898;28.02.2023;689
2517;11;2200;03.05.2023;584
2518;21;1643;04.12.2022;948
2519;22;429;27.01.2023;911
2520;2;106;25.10.2022;482
2521;12;2239;07.09.2022;579
2522;9;1057;06.06.2023;459
2523;21;1198;21.03.2023;616
2524;6;947;25.11.2022;329
2525;2;1935;14.04.2023;509
2526;18;1314;20.08.2022;677
2527;32;1270;23.07.2023;405
2528;26;1604;23.12.2022;311
2529;20;993;16.09.2022;506
2530;27;1894;18.08.2022;507
2531;25;1340;31.05.2023;764
2532;3;2281;19.02.2023;668
2533;30;525;20.04.2023;400
2534;21;803;21.10.2022;675
2535;40;1791;28.05.2023;589
2536;9;1162;30.12.2022;847
2537;31;1442;17.08.2022;542
2538;1;2593;15.03.2023;874
2539;33;2673;21.09.2022;304
2540;36;582;31.05.2023;386
2541;43;2419;10.05.2023;609
2542;22;867;16.09.2022;684
2543;4;1312;16.12.2022;716
2544;35;699;25.02.2023;896
2545;19;2145;30.09.2022;466
2546;14;2515;15.12.2022;311
2547;10;2799;27.08.2022;462
2548;38;1148;27.11.2022;369
2549;4;2207;21.09.2022;971
2550;17;2260;04.03.2023;575
2551;41;1798;01.09.2022;471
2552;6;2169;18.06.2023;734
2553;25;2060;05.09.2022;915
2554;30;1596;16.07.2023;509
2555;34;962;19.11.2022;475
2556;11;2031;29.03.2023;353
2557;34;1231;01.11.2022;418
2558;45;2147;14.11.2022;823
2559;30;2894;20.08.2022;867
2560;24;1809;15.07.2023;656
2561;29;2801;09.08.2023;412
2562;28;271;09.06.2023;648
2563;21;2026;30.01.2023;899
2564;13;2045;22.09.2022;682
2565;33;196;14.06.2023;645
2566;38;437;01.10.2022;607
2567;18;137;31.05.2023;803
2568;31;473;17.06.2023;481
2569;15;224;30.08.2022;303
2570;28;2747;13.07.2023;348
2571;27;1279;18.08.2022;302
2572;45;778;26.05.2023;917
2573;19;1503;01.09.2022;967
2574;15;2413;11.03.2023;992
2575;27;305;21.06.2023;386
2576;9;385;17.02.2023;722
2577;9;1164;12.01.2023;859
2578;11;1843;29.11.2022;434
2579;39;341;24.07.2023;864
2580;13;1771;19.01.2023;394
2581;15;2117;24.05.2023;637
2582;13;598;03.11.2022;989
2583;26;2838;13.07.2023;325
2584;4;1508;09.02.2023;734
2585;31;1720;24.02.2023;349
2586;14;2088;06.10.2022;451
2587;26;580;12.01.2023;783
2588;42;1081;13.06.2023;992
2589;10;903;13.11.2022;493
2590;28;476;14.12.2022;619
2591;12;2389;10.11.2022;385
2592;39;677;15.04.2023;394
2593;38;2773;21.10.2022;677
2594;34;1442;13.11.2022;951
2595;41;2038;05.09.2022;951
2596;27;2148;25.07.2023;553
2597;32;2569;26.02.2023;459
2598;29;21;15.06.2023;341
2599;23;2631;14.12.2022;359
2600;38;1861;24.11.2022;821
2601;1;1149;19.03.2023;470
2602;35;697;27.10.2022;603
2603;39;1200;19.12.2022;677
2604;36;1958;28.04.2023;740
2605;17;36;29.04.2023;722
2606;6;164;21.04.2023;490
2607;2;601;24.12.2022;758
2608;9;1059;18.12.2022;706
2609;17;39;30.07.2023;991
2610;5;2994;21.06.2023;523
2611;24;1691;12.06.2023;598
2612;3;1611;15.09.2022;811
2613;4;1807;29.05.2023;498
2614;14;2787;26.08.2022;968
2615;24;2979;02.03.2023;800
2616;3;2296;18.04.2023;623
2617;22;2335;13.01.2023;707
2618;31;2021;27.08.2022;601
2619;4;853;19.11.2022;813
2620;16;672;14.10.2022;576
2621;6;2126;08.07.2023;727
2622;2;2457;11.07.2023;717
2623;10;2102;25.05.2023;303
2624;37;1867;24.09.2022;721
2625;30;94;25.06.2023;471
2626;13;1849;05.07.2023;703
2627;10;2074;04.01.2023;969
2628;38;2931;28.06.2023;991
2629;27;2207;01.04.2023;679
2630;41;235;25.06.2023;488
2631;37;471;16.04.2023;513
2632;43;370;30.12.2022;391
2633;40;1243;06.03.2023;606
2634;8;531;16.07.2023;641
2635;36;436;25.12.2022;714
2636;10;1224;02.11.2022;419
2637;14;357;14.05.2023;977
2638;22;483;19.11.2022;558
2639;45;791;27.02.2023;641
2640;21;169;02.09.2022;673
2641;45;1835;05.07.2023;326
2642;38;273;21.02.2023;334
2643;23;1511;05.11.2022;373
2644;8;300;02.11.2022;603
2645;24;209;19.04.2023;885
2646;42;2684;21.07.2023;435
2647;11;1083;07.05.2023;926
2648;12;2678;11.10.2022;865
2649;45;40;09.06.2023;527
2650;6;1374;24.02.2023;656
2651;7;1515;01.02.2023;424
2652;27;1537;08.02.2023;553
2653;15;2438;03.07.2023;591
2654;2;888;21.06.2023;635
2655;36;53;30.12.2022;549
2656;23;571;03.12.2022;605
2657;8;612;17.08.2022;412
2658;37;1492;19.08.2022;636
2659;10;1629;28.03.2023;946
2660;3;2965;03.06.2023;859
2661;24;2099;04.12.2022;951
2662;12;2273;03.10.2022;847
2663;11;1749;28.08.2022;705
2664;22;653;31.03.2023;957
2665;25;2064;28.11.2022;311
2666;26;210;10.02.2023;503
2667;16;2769;08.11.2022;532
2668;44;772;23.05.2023;874
2669;28;2191;24.03.2023;484
2670;16;1284;22.02.2023;719
2671;27;2216;27.08.2022;587
2672;34;1640;02.04.2023;325
2673;14;1853;17.03.2023;614
2674;18;1625;20.03.2023;511
2675;20;1205;20.08.2022;683
2676;40;732;17.08.2022;841
2677;13;1019;08.12.2022;960
2678;12;2286;22.04.2023;564
2679;39;1432;07.09.2022;746
2680;18;2441;14.10.2022;698
2681;42;2489;01.10.2022;592
2682;32;1514;04.03.2023;809
2683;6;166;06.07.2023;589
2684;10;2745;28.07.2023;444
2685;2;1389;01.11.2022;964
2686;44;1967;21.07.2023;314
2687;40;330;17.10.2022;381
2688;34;1489;01.08.2023;781
2689;13;1147;04.06.2023;413
2690;30;2574;09.03.2023;350
2691;44;2792;26.01.2023;477
2692;16;2683;12.07.2023;748
2693;29;2942;21.01.2023;465
2694;21;179;14.09.2022;825
2695;25;2289;23.12.2022;632
2696;7;1817;04.11.2022;949
2697;35;2326;24.10.2022;767
2698;21;342;22.10.2022;831
2699;37;2620;05.03.2023;783
2700;29;535;17.02.2023;560
2701;20;2007;20.11.2022;339
2702;41;1189;20.04.2023;469
2703;23;1844;18.05.2023;676
2704;28;75;19.11.2022;721
2705;34;1921;20.09.2022;833
2706;12;2396;10.09.2022;802
2707;35;501;28.05.2023;799
2708;40;632;12.10.2022;871
2709;17;2938;07.03.2023;914
2710;18;751;05.07.2023;765
2711;16;1196;01.05.2023;960
2712;12;1605;26.06.2023;913
2713;8;161;04.06.2023;962
2714;30;2210;29.04.2023;750
2715;24;2865;07.08.2023;582
2716;39;1056;19.02.2023;638
2717;29;752;07.09.2022;578
2718;25;671;27.04.2023;697
2719;14;1230;05.12.2022;465
2720;27;1743;24.09.2022;518
2721;39;1227;21.08.2022;809
2722;9;330;24.10.2022;962
2723;10;497;27.06.2023;819
2724;15;1027;22.07.2023;631
2725;42;1882;04.04.2023;332
2726;10;786;13.08.2023;510
2727;45;2901;11.01.2023;370
2728;4;1510;06.01.2023;617
2729;15;894;02.05.2023;838
2730;36;1166;04.01.2023;744
2731;33;222;26.06.2023;389
2732;43;1221;27.12.2022;613
2733;41;856;27.02.2023;482
2734;13;491;05.06.2023;721
2735;2;2620;06.11.2022;424
2736;30;2228;08.04.2023;361
2737;31;2063;30.11.2022;755
2738;16;1488;30.08.2022;462
2739;40;1927;14.06.2023;449
2740;34;432;14.03.2023;639
2741;29;2311;09.05.2023;724
2742;32;2164;07.02.2023;675
2743;2;509;24.12.2022;647
2744;14;2914;01.04.2023;971
2745;36;1155;03.10.2022;596
2746;9;1168;10.04.2023;526
2747;37;2214;03.02.2023;680
2748;15;1147;15.12.2022;922
2749;31;2803;30.05.2023;774
2750;38;970;27.03.2023;491
2751;20;230;26.03.2023;708
2752;42;552;12.05.2023;532
2753;14;676;20.06.2023;499
2754;3;1133;13.11.2022;653
2755;1;2444;18.06.2023;390
2756;38;232;21.11.2022;686
2757;1;1546;23.09.2022;456
2758;34;116;29.11.2022;657
2759;34;1830;03.11.2022;950
2760;15;1151;20.07.2023;802
2761;11;416;17.05.2023;901
2762;36;748;15.08.2022;471
2763;23;198;21.12.2022;608
2764;30;2831;08.03.2023;794
2765;14;320;18.08.2022;931
2766;4;2098;25.05.2023;634
2767;37;2841;18.12.2022;893
2768;2;1824;24.08.2022;442
2769;44;2344;08.09.2022;613
2770;25;464;30.11.2022;816
2771;45;1662;10.09.2022;386
2772;2;547;25.07.2023;776
2773;20;1463;13.07.2023;624
2774;14;636;11.07.2023;895
2775;28;279;14.06.2023;843
2776;33;1154;15.12.2022;541
2777;14;2503;08.02.2023;807
2778;38;79;16.08.2022;524
2779;43;35;21.07.2023;783
2780;40;2979;25.07.2023;875
2781;42;2731;10.06.2023;678
2782;37;2527;19.12.2022;589
2783;34;1670;08.06.2023;339
2784;13;1067;08.01.2023;788
2785;6;2006;07.02.2023;882
2786;23;1846;09.09.2022;402
2787;22;1982;10.06.2023;980
2788;21;40;16.08.2022;629
2789;8;1257;09.08.2023;363
2790;45;1154;29.03.2023;914
2791;21;2748;13.11.2022;903
2792;28;2117;20.10.2022;632
2793;36;393;13.10.2022;416
2794;12;2223;13.01.2023;798
2795;22;1066;08.08.2023;347
2796;19;2636;01.06.2023;686
2797;25;2212;25.10.2022;529
2798;16;1917;22.07.2023;585
2799;43;113;15.08.2022;387
2800;9;1540;04.11.2022;662
2801;42;2459;07.01.2023;810
2802;6;2964;20.05.2023;448
2803;30;1136;22.09.2022;659
2804;14;2579;21.09.2022;894
2805;21;684;13.08.2023;446
2806;21;1243;26.10.2022;803
2807;10;2219;12.12.2022;830
2808;6;1604;11.03.2023;732
2809;1;204;25.10.2022;452
2810;15;821;14.07.2023;555
2811;20;1782;25.01.2023;567
2812;6;118;01.05.2023;624
2813;37;837;24.12.2022;350
2814;8;1099;08.02.2023;332
2815;42;1886;24.06.2023;302
2816;34;1784;27.03.2023;397
2817;13;323;06.12.2022;546
2818;24;2136;17.04.2023;566
2819;4;518;22.07.2023;501
2820;2;657;17.03.2023;463
2821;8;146;04.05.2023;933
2822;9;391;02.06.2023;501
2823;11;2674;28.05.2023;604
2824;4;859;26.02.2023;327
2825;39;712;30.11.2022;330
2826;13;1848;08.02.2023;955
2827;27;882;21.11.2022;421
2828;25;1395;19.01.2023;863
2829;24;452;03.05.2023;337
2830;43;189;25.05.2023;670
2831;20;2945;02.05.2023;860
2832;15;186;05.03.2023;720
2833;14;280;28.03.2023;467
2834;33;2510;09.02.2023;659
2835;8;446;04.06.2023;794
2836;3;2157;09.07.2023;333
2837;29;2761;24.04.2023;629
2838;4;2830;09.12.2022;523
2839;42;319;23.09.2022;566
2840;40;2195;30.12.2022;535
2841;13;718;05.04.2023;646
2842;2;41;16.08.2022;958
2843;23;2665;08.12.2022;660
2844;3;1367;29.03.2023;454
2845;17;1538;09.04.2023;921
2846;13;158;16.01.2023;572
2847;10;2968;25.02.2023;756
2848;36;2715;12.04.2023;670
2849;20;2579;30.06.2023;619
2850;14;68;25.06.2023;755
2851;33;954;25.01.2023;570
2852;33;130;22.03.2023;964
2853;3;1741;07.03.2023;428
2854;31;1833;30.06.2023;895
2855;6;473;21.01.2023;982
2856;21;2418;23.02.2023;678
2857;22;1023;11.03.2023;925
2858;28;2439;10.01.2023;928
2859;45;2168;13.03.2023;960
2860;40;2100;29.08.2022;519
2861;35;1009;15.07.2023;411
2862;12;2699;21.10.2022;436
2863;8;2821;06.03.2023;837
2864;25;1183;27.01.2023;743
2865;33;1710;03.09.2022;626
2866;8;40;17.01.2023;753
2867;18;832;21.10.2022;370
2868;37;1789;05.03.2023;933
2869;25;2270;25.05.2023;755
2870;5;1282;13.04.2023;440
2871;16;1917;18.06.2023;830
2872;28;1742;03.02.2023;668
2873;36;596;02.11.2022;791
2874;43;1067;24.09.2022;853
2875;41;2434;15.08.2023;488
2876;13;307;17.06.2023;658
2877;21;2745;02.05.2023;621
2878;30;2973;08.06.2023;408
2879;20;1040;28.12.2022;750
2880;21;1055;01.01.2023;840
2881;42;438;27.04.2023;603
2882;6;427;28.04.2023;850
2883;24;2428;17.12.2022;395
2884;37;2528;20.02.2023;862
2885;31;249;16.05.2023;716
2886;39;1068;14.07.2023;850
2887;24;69;07.02.2023;534
2888;41;555;31.03.2023;748
2889;32;215;27.06.2023;415
2890;15;709;20.06.2023;972
2891;3;207;28.02.2023;524
2892;33;2821;03.08.2023;933
2893;6;1166;23.01.2023;821
2894;28;1552;24.01.2023;818
2895;24;1169;23.10.2022;614
2896;6;2832;05.06.2023;364
2897;11;443;28.01.2023;691
2898;5;1433;23.01.2023;469
2899;3;1243;24.12.2022;344
2900;21;1747;04.01.2023;382
2901;13;1462;31.01.2023;393
2902;9;2806;11.01.2023;829
2903;34;1489;23.07.2023;451
2904;45;2675;09.08.2023;869
2905;9;1815;10.01.2023;975
2906;42;2670;01.06.2023;452
2907;44;1885;08.06.2023;989
2908;3;2651;09.06.2023;560
2909;23;2286;05.05.2023;692
2910;5;930;29.01.2023;386
2911;45;2241;21.10.2022;822
2912;42;1523;17.12.2022;781
2913;3;1904;14.10.2022;612
2914;13;378;16.10.2022;302
2915;38;145;11.03.2023;712
2916;28;2753;21.03.2023;713
2917;40;207;26.01.2023;359
2918;2;1863;25.12.2022;906
2919;6;330;04.06.2023;526
2920;32;2205;09.07.2023;435
2921;29;1229;04.03.2023;778
2922;24;2446;03.09.2022;366
2923;29;657;14.02.2023;694
2924;9;1934;23.11.2022;907
2925;9;2573;05.12.2022;898
2926;36;984;25.01.2023;344
2927;23;758;04.02.2023;959
2928;3;485;09.10.2022;634
2929;41;1571;24.03.2023;430
2930;17;1283;15.10.2022;925
2931;11;1403;04.02.2023;521
2932;18;670;14.07.2023;540
2933;20;2121;09.07.2023;892
2934;43;1224;01.05.2023;551
2935;18;1392;27.02.2023;575
2936;11;2811;01.08.2023;387
2937;13;909;15.05.2023;868
2938;6;2364;14.11.2022;457
2939;35;1680;13.12.2022;446
2940;17;891;27.03.2023;782
2941;4;1097;14.09.2022;772
2942;1;720;03.01.2023;375
2943;15;2440;26.03.2023;948
2944;30;1644;28.10.2022;632
2945;8;2937;31.01.2023;385
2946;5;508;03.11.2022;368
2947;44;1691;09.12.2022;694
2948;42;160;09.03.2023;851
2949;25;2237;27.11.2022;557
2950;27;2203;21.08.2022;561
2951;14;2910;26.06.2023;313
2952;8;763;14.02.2023;319
2953;42;1837;01.05.2023;815
2954;43;2408;13.01.2023;844
2955;34;304;18.10.2022;412
2956;3;1036;25.03.2023;462
2957;22;2389;19.05.2023;522
2958;14;101;10.10.2022;302
2959;39;1770;17.11.2022;557
2960;2;1745;09.02.2023;657
2961;4;2042;31.07.2023;640
2962;38;820;16.07.2023;540
2963;2;985;25.06.2023;789
2964;27;1253;30.06.2023;479
2965;11;98;15.10.2022;983
2966;13;453;23.03.2023;465
2967;15;2947;26.04.2023;526
2968;29;415;04.04.2023;577
2969;5;337;26.11.2022;587
2970;26;781;06.03.2023;410
2971;9;2232;19.02.2023;658
2972;23;1165;03.01.2023;339
2973;39;811;05.12.2022;397
2974;5;2081;15.10.2022;493
2975;32;967;24.05.2023;620
2976;5;2792;17.04.2023;670
2977;36;740;27.12.2022;475
2978;14;1494;24.12.2022;788
2979;6;1253;23.11.2022;750
2980;35;1774;23.08.2022;991
2981;24;2734;16.01.2023;974
2982;26;1657;02.09.2022;657
2983;2;90;28.07.2023;439
2984;35;2341;28.06.2023;417
2985;24;663;03.07.2023;511
2986;24;2630;23.04.2023;721
2987;25;2276;15.01.2023;556
2988;7;1996;18.09.2022;474
2989;6;1012;13.04.2023;534
2990;18;2525;19.11.2022;771
2991;16;1955;12.12.2022;638
2992;40;1428;11.01.2023;853
2993;7;79;08.09.2022;878
2994;36;1491;25.09.2022;668
2995;22;2373;03.01.2023;931
2996;44;2609;01.09.2022;647
2997;15;2189;19.06.2023;586
2998;1;1593;15.07.2023;754
2999;8;1705;12.05.2023;921
